company,ats_type,ats_identifier,enabled,status,http_status,jobs_available,sample_title,sample_location,careers_url,api_url,reason,notes
3M,workday,3m|Search,True,PASS,200,699,Specialist-Tax Accounting,"IN, BANGALORE",https://3m.wd1.myworkdayjobs.com/Search,https://3m.wd1.myworkdayjobs.com/wday/cxs/3m/Search/jobs,Valid Workday CXS job inventory,"Knowledge-based mapping, NOT live-verified; run verify_employers.py before trusting."
Abbott,workday,abbott|abbottcareers,False,PASS,200,2000,DIRECTEUR REGIONAL DES VENTES - DIABETOLOGIE - MARSEILLE/NICE/ MONTPELLIER H/F,France > Rungis : Miami Building,https://abbott.wd5.myworkdayjobs.com/abbottcareers,https://abbott.wd5.myworkdayjobs.com/wday/cxs/abbott/abbottcareers/jobs,Valid Workday CXS job inventory,"LOW-CONFIDENCE guess (tenant/site from memory, may be wrong). Disabled until verify_employers.py passes it."
Adobe,workday,adobe|external_experienced,True,PASS,200,469,Enterprise Architect,2 Locations,https://adobe.wd5.myworkdayjobs.com/external_experienced,https://adobe.wd5.myworkdayjobs.com/wday/cxs/adobe/external_experienced/jobs,Valid Workday CXS job inventory,Verified experienced-hire Workday portal.
AIG,workday,aig|AIG,True,PASS,200,474,Senior Customer Relations Officer,Croydon,https://aig.wd1.myworkdayjobs.com/AIG,https://aig.wd1.myworkdayjobs.com/wday/cxs/aig/AIG/jobs,Valid Workday CXS job inventory,"Knowledge-based mapping, NOT live-verified; run verify_employers.py before trusting."
Alcon,workday,alcon|careers_alcon,True,PASS,200,335,Product Manager (m/w/d) - DACH,"Aschaffenburg, Germany",https://alcon.wd5.myworkdayjobs.com/careers_alcon,https://alcon.wd5.myworkdayjobs.com/wday/cxs/alcon/careers_alcon/jobs,Valid Workday CXS job inventory,"Knowledge-based mapping, NOT live-verified; run verify_employers.py before trusting."
Allstate,workday,allstate|allstate_careers,True,PASS,200,457,Apprentice  - Operations ( Voice Process),Ind – Pune Sez 1 (All Floors Except 9Th And 10Th),https://allstate.wd5.myworkdayjobs.com/allstate_careers,https://allstate.wd5.myworkdayjobs.com/wday/cxs/allstate/allstate_careers/jobs,Valid Workday CXS job inventory,"Knowledge-based mapping, NOT live-verified; run verify_employers.py before trusting."
Amgen,workday,amgen|Careers,True,PASS,200,1715,EHSS Manager & Fachkraft für Arbeitssicherheit_unbefristet,Germany - Munich (Research),https://amgen.wd1.myworkdayjobs.com/Careers,https://amgen.wd1.myworkdayjobs.com/wday/cxs/amgen/Careers/jobs,Valid Workday CXS job inventory,"Knowledge-based mapping, NOT live-verified; run verify_employers.py before trusting."
Analog Devices,workday,analogdevices|External,True,PASS,200,839,"Staff Engineer, Test Engineering","India, Bangalore, Nova",https://analogdevices.wd1.myworkdayjobs.com/External,https://analogdevices.wd1.myworkdayjobs.com/wday/cxs/analogdevices/External/jobs,Valid Workday CXS job inventory,"Knowledge-based mapping, NOT live-verified; run verify_employers.py before trusting."
Applied Materials,workday,amat|External,True,PASS,200,2000,Manufacturing Engineer (4pm to 1.30am),"Singapore,SGP",https://amat.wd1.myworkdayjobs.com/External,https://amat.wd1.myworkdayjobs.com/wday/cxs/amat/External/jobs,Valid Workday CXS job inventory,"Knowledge-based mapping, NOT live-verified; run verify_employers.py before trusting."
Assurant,workday,assurant|Assurant_Careers,False,PASS,200,118,Manufacturing Operations Supervisor,Lewisville,https://assurant.wd1.myworkdayjobs.com/Assurant_Careers,https://assurant.wd1.myworkdayjobs.com/wday/cxs/assurant/Assurant_Careers/jobs,Valid Workday CXS job inventory,"LOW-CONFIDENCE guess (tenant/site from memory, may be wrong). Disabled until verify_employers.py passes it."
AstraZeneca,workday,astrazeneca|Careers,True,PASS,200,1012,Engagement Analyst,India - Bangalore,https://astrazeneca.wd3.myworkdayjobs.com/Careers,https://astrazeneca.wd3.myworkdayjobs.com/wday/cxs/astrazeneca/Careers/jobs,Valid Workday CXS job inventory,"Knowledge-based mapping, NOT live-verified; run verify_employers.py before trusting."
athenahealth,workday,athenahealth|External,True,PASS,200,92,"Senior Manager, Product Management - Medications",Boston MA,https://athenahealth.wd1.myworkdayjobs.com/External,https://athenahealth.wd1.myworkdayjobs.com/wday/cxs/athenahealth/External/jobs,Valid Workday CXS job inventory,"Knowledge-based mapping, NOT live-verified; run verify_employers.py before trusting."
Autodesk,workday,autodesk|Ext,True,PASS,200,377,"Sr. Manager, Operations Business Partner - EMEA Expansion",3 Locations,https://autodesk.wd1.myworkdayjobs.com/Ext,https://autodesk.wd1.myworkdayjobs.com/wday/cxs/autodesk/Ext/jobs,Valid Workday CXS job inventory,"Knowledge-based mapping, NOT live-verified; run verify_employers.py before trusting."
Baker Hughes,workday,bakerhughes|BakerHughes,True,PASS,200,669,Senior Mechanical Project Engineer- Tree Systems,GB-AC-ABERDEEN-BAKER HUGHES BUILDING,https://bakerhughes.wd5.myworkdayjobs.com/BakerHughes,https://bakerhughes.wd5.myworkdayjobs.com/wday/cxs/bakerhughes/BakerHughes/jobs,Valid Workday CXS job inventory,"Knowledge-based mapping, NOT live-verified; run verify_employers.py before trusting."
Baxter,workday,baxter|Baxter,True,PASS,200,516,"Sr Eng, Codes and Standards","Bangalore, Karnataka",https://baxter.wd1.myworkdayjobs.com/Baxter,https://baxter.wd1.myworkdayjobs.com/wday/cxs/baxter/Baxter/jobs,Valid Workday CXS job inventory,"Knowledge-based mapping, NOT live-verified; run verify_employers.py before trusting."
Becton Dickinson/BD,workday,bdx|EXTERNAL_CAREER_SITE_USA,True,PASS,200,662,"Senior Program Manager, Product Development",USA NJ - Franklin Lakes,https://bdx.wd1.myworkdayjobs.com/EXTERNAL_CAREER_SITE_USA,https://bdx.wd1.myworkdayjobs.com/wday/cxs/bdx/EXTERNAL_CAREER_SITE_USA/jobs,Valid Workday CXS job inventory,"Knowledge-based mapping, NOT live-verified; run verify_employers.py before trusting."
BlackRock,workday,blackrock|BlackRock_Professional,True,PASS,200,308,Investment Accounting Implementation Associate,"Edinburgh, Scotland",https://blackrock.wd1.myworkdayjobs.com/BlackRock_Professional,https://blackrock.wd1.myworkdayjobs.com/wday/cxs/blackrock/BlackRock_Professional/jobs,Valid Workday CXS job inventory,"Knowledge-based mapping, NOT live-verified; run verify_employers.py before trusting."
Blackstone,workday,blackstone|Blackstone_Careers,True,PASS,200,172,"BXCI - ICS (Data and Business Operations), Vice President",New York,https://blackstone.wd1.myworkdayjobs.com/Blackstone_Careers,https://blackstone.wd1.myworkdayjobs.com/wday/cxs/blackstone/Blackstone_Careers/jobs,Valid Workday CXS job inventory,"Knowledge-based mapping, NOT live-verified; run verify_employers.py before trusting."
Blue Origin,workday,blueorigin|BlueOrigin,True,PASS,200,1782,Electrical Integration Technician - Hardware-in-the-loop (HIL) - New Glenn,Greater Seattle Area,https://blueorigin.wd5.myworkdayjobs.com/BlueOrigin,https://blueorigin.wd5.myworkdayjobs.com/wday/cxs/blueorigin/BlueOrigin/jobs,Valid Workday CXS job inventory,Verified Workday portal (2026-10-05).
BNY,oracle_cx,BNY-Careers,True,PASS,200,5,"Senior Vice President, AI / Machine Learning Software Engineer","Jersey City, NJ, United States",https://eofe.fa.us2.oraclecloud.com/hcmUI/CandidateExperience/en/sites/BNY-Careers/jobs,https://eofe.fa.us2.oraclecloud.com/hcmRestApi/resources/latest/recruitingCEJobRequisitions,Valid Oracle Recruiting Cloud inventory,Oracle Recruiting Cloud URL provided by user; replaces disabled Workday guess; enable for live verification.
Boeing,workday,boeing|EXTERNAL_CAREERS,True,PASS,200,745,Associate Shipping/Receiving Specialist,"USA - Owego, NY",https://boeing.wd1.myworkdayjobs.com/EXTERNAL_CAREERS,https://boeing.wd1.myworkdayjobs.com/wday/cxs/boeing/EXTERNAL_CAREERS/jobs,Valid Workday CXS job inventory,Verified Workday portal (2026-10-05). jobs.boeing.com is the vanity front end.
Bristol Myers Squibb,workday,bristolmyerssquibb|BMS,True,PASS,200,684,"Manager I - Senior Software Engineer, SAP Quality Management",Hyderabad - TS - IN,https://bristolmyerssquibb.wd5.myworkdayjobs.com/BMS,https://bristolmyerssquibb.wd5.myworkdayjobs.com/wday/cxs/bristolmyerssquibb/BMS/jobs,Valid Workday CXS job inventory,"Knowledge-based mapping, NOT live-verified; run verify_employers.py before trusting."
Broadcom,workday,broadcom|External_Career,True,PASS,200,365,Software Engineer,IND-Bangalore-Kalyani Vista II,https://broadcom.wd1.myworkdayjobs.com/External_Career,https://broadcom.wd1.myworkdayjobs.com/wday/cxs/broadcom/External_Career/jobs,Valid Workday CXS job inventory,"Knowledge-based mapping, NOT live-verified; run verify_employers.py before trusting. Includes VMware roles post-acquisition."
Broadridge,workday,broadridge|Careers,True,PASS,200,291,Associate Vice President,Bengaluru-EPIP Industrial Area,https://broadridge.wd5.myworkdayjobs.com/Careers,https://broadridge.wd5.myworkdayjobs.com/wday/cxs/broadridge/Careers/jobs,Valid Workday CXS job inventory,"Knowledge-based mapping, NOT live-verified; run verify_employers.py before trusting."
Cadence Design Systems,workday,cadence|External_Careers,True,PASS,200,601,Principal Product Engineer,HSINCHU,https://cadence.wd1.myworkdayjobs.com/External_Careers,https://cadence.wd1.myworkdayjobs.com/wday/cxs/cadence/External_Careers/jobs,Valid Workday CXS job inventory,"Knowledge-based mapping, NOT live-verified; run verify_employers.py before trusting."
Campbell Soup,workday,campbellsoup|ExternalCareers_GlobalSite,True,PASS,200,312,"Associate Manager, Category Leadership - Walmart",USA - AR - Rogers Snacks,https://campbellsoup.wd5.myworkdayjobs.com/ExternalCareers_GlobalSite,https://campbellsoup.wd5.myworkdayjobs.com/wday/cxs/campbellsoup/ExternalCareers_GlobalSite/jobs,Valid Workday CXS job inventory,Verified Workday portal (2026-10-05) via live job URLs.
Capital One,workday,capitalone|Capital_One,True,PASS,200,1918,"Manager, Product Manager - Enterprise Payments - Core Platform",4 Locations,https://capitalone.wd12.myworkdayjobs.com/Capital_One,https://capitalone.wd12.myworkdayjobs.com/wday/cxs/capitalone/Capital_One/jobs,Valid Workday CXS job inventory,Verified Workday experienced-hire portal.
Cardinal Health,workday,cardinalhealth|EXT,True,PASS,200,812,Student Warehouse Associate,Canada-Vaughan-Applewood,https://cardinalhealth.wd1.myworkdayjobs.com/EXT,https://cardinalhealth.wd1.myworkdayjobs.com/wday/cxs/cardinalhealth/EXT/jobs,Valid Workday CXS job inventory,"Knowledge-based mapping, NOT live-verified; run verify_employers.py before trusting."
Carrier,workday,carrier|jobs,False,PASS,200,1056,Senior Engineer,"Building No: 12C, Floor 9,10,11, Building No: 12B -Stilt floor, Raheja Mindspace, Cyberabad, Madhapur, Hyderabad - 500081, Telangana, India",https://carrier.wd5.myworkdayjobs.com/jobs,https://carrier.wd5.myworkdayjobs.com/wday/cxs/carrier/jobs/jobs,Valid Workday CXS job inventory,"LOW-CONFIDENCE guess (tenant/site from memory, may be wrong). Disabled until verify_employers.py passes it."
Caterpillar,workday,cat|CaterpillarCareers,True,PASS,200,908,Senior Autonomy Systems Engineering Specialist,2 Locations,https://cat.wd5.myworkdayjobs.com/CaterpillarCareers,https://cat.wd5.myworkdayjobs.com/wday/cxs/cat/CaterpillarCareers/jobs,Valid Workday CXS job inventory,"Knowledge-based mapping, NOT live-verified; run verify_employers.py before trusting."
Chevron,workday,chevron|jobs,True,PASS,200,120,Decision Analysis Consultant,"Bengaluru, Karnataka, India",https://chevron.wd5.myworkdayjobs.com/jobs,https://chevron.wd5.myworkdayjobs.com/wday/cxs/chevron/jobs/jobs,Valid Workday CXS job inventory,"Knowledge-based mapping, NOT live-verified; run verify_employers.py before trusting."
Cigna/Evernorth,workday,cigna|cignacareers,True,PASS,200,560,Third Party Management Associate Advisor - HIH Evernorth,"Hyderabad, India",https://cigna.wd5.myworkdayjobs.com/cignacareers,https://cigna.wd5.myworkdayjobs.com/wday/cxs/cigna/cignacareers/jobs,Valid Workday CXS job inventory,"Knowledge-based mapping, NOT live-verified; run verify_employers.py before trusting. Canonical Cigna portal; Cigna and Evernorth rows are aliases."
Citi,workday,citi|2,True,PASS,200,2000,UAE In-Country Services Technology Lead and MENAP Cluster Lead,Dubai United Arab Emirates,https://citi.wd5.myworkdayjobs.com/2,https://citi.wd5.myworkdayjobs.com/wday/cxs/citi/2/jobs,Valid Workday CXS job inventory,"Knowledge-based mapping, NOT live-verified; run verify_employers.py before trusting."
Clorox,workday,clorox|Clorox,False,PASS,200,198,Sanitation Technician - Midnight Shift (Sun-Thu 10:00 PM to 6:30 AM),"Reno, NV - USA",https://clorox.wd1.myworkdayjobs.com/Clorox,https://clorox.wd1.myworkdayjobs.com/wday/cxs/clorox/Clorox/jobs,Valid Workday CXS job inventory,"LOW-CONFIDENCE guess (tenant/site from memory, may be wrong). Disabled until verify_employers.py passes it."
CME Group,workday,cmegroup|CME_Careers,True,PASS,200,59,Facilities Workplace Manager,London - Fruit & Wool Exchange,https://cmegroup.wd1.myworkdayjobs.com/CME_Careers,https://cmegroup.wd1.myworkdayjobs.com/wday/cxs/cmegroup/CME_Careers/jobs,Valid Workday CXS job inventory,"Knowledge-based mapping, NOT live-verified; run verify_employers.py before trusting."
CNA,workday,cna|CNA_Careers,True,PASS,200,145,Premium Audit Technician,"Lake Mary, FL, USA",https://cna.wd1.myworkdayjobs.com/CNA_Careers,https://cna.wd1.myworkdayjobs.com/wday/cxs/cna/CNA_Careers/jobs,Valid Workday CXS job inventory,"Knowledge-based mapping, NOT live-verified; run verify_employers.py before trusting. Seen live in search 2026-10-05."
Coca-Cola,workday,coke|coca-cola-careers,True,PASS,200,191,"Senior Manager, Business Development, McDonald’s Taiwan",China - Taiwan - Taipei,https://coke.wd1.myworkdayjobs.com/coca-cola-careers,https://coke.wd1.myworkdayjobs.com/wday/cxs/coke/coca-cola-careers/jobs,Valid Workday CXS job inventory,Verified Workday portal (2026-10-05) via live job URLs. Separate coca_cola_college site exists (empty); do not collect.
CoStar,workday,costar|CoStarCareers,True,PASS,200,427,"Account Executive, CoStar Data & Analytics - Ft. Lauderdale, FL",Ft. Lauderdale,https://costar.wd1.myworkdayjobs.com/CoStarCareers,https://costar.wd1.myworkdayjobs.com/wday/cxs/costar/CoStarCareers/jobs,Valid Workday CXS job inventory,Verified Workday portal (2026-10-05). Separate costar_campus and CoStarCareersEurope sites exist on same tenant; do not collect them.
CrowdStrike,workday,crowdstrike|crowdstrikecareers,True,PASS,200,365,Sr. Engineer - Cloud SDET - Lightning (Hybrid),2 Locations,https://crowdstrike.wd5.myworkdayjobs.com/crowdstrikecareers,https://crowdstrike.wd5.myworkdayjobs.com/wday/cxs/crowdstrike/crowdstrikecareers/jobs,Valid Workday CXS job inventory,Verified Workday careers portal.
CSL Behring,workday,csl|CSL_External,True,PASS,200,181,Senior Laboratory Specialist (Fixed-Term Contract),"EMEA, CH, Kanton St. Gallen, St. Gallen, CSL Vifor",https://csl.wd1.myworkdayjobs.com/CSL_External,https://csl.wd1.myworkdayjobs.com/wday/cxs/csl/CSL_External/jobs,Valid Workday CXS job inventory,"Knowledge-based mapping, NOT live-verified; run verify_employers.py before trusting."
CVS Health,workday,cvshealth|CVS_Health_Careers,True,PASS,200,18667,Pharmacy Technician,TX - The Woodlands,https://cvshealth.wd1.myworkdayjobs.com/en-US/CVS_Health_Careers,https://cvshealth.wd1.myworkdayjobs.com/wday/cxs/cvshealth/CVS_Health_Careers/jobs,Valid Workday CXS job inventory,Already working in collector; canonical CVS Health portal. Aetna/CVS aliases should not duplicate this portal unless a separate board is verified.
Dell Technologies,oracle_cx,careers,True,PASS,200,5,Software Engineer 2,"Bukit Mertajam, Pulau Pinang, Malaysia",https://enterpriseplatform.dell.com/hcmUI/CandidateExperience/en/sites/careers,https://enterpriseplatform.dell.com/hcmRestApi/resources/latest/recruitingCEJobRequisitions,Valid Oracle Recruiting Cloud inventory,Oracle Candidate Experience URL provided by user; replaces prior Workday guess; enable for live verification.
Dexcom,workday,dexcom|Dexcom,True,PASS,200,273,"Commercial Reporting and Insights Analyst – Healthcare – Bracknell, UK","Bracknell, United Kingdom",https://dexcom.wd1.myworkdayjobs.com/Dexcom,https://dexcom.wd1.myworkdayjobs.com/wday/cxs/dexcom/Dexcom/jobs,Valid Workday CXS job inventory,"Knowledge-based mapping, NOT live-verified; run verify_employers.py before trusting."
Dow,workday,dow|ExternalCareers,True,PASS,200,187,Data Science Specialist,Navi Mumbai (IND),https://dow.wd1.myworkdayjobs.com/ExternalCareers,https://dow.wd1.myworkdayjobs.com/wday/cxs/dow/ExternalCareers/jobs,Valid Workday CXS job inventory,"Knowledge-based mapping, NOT live-verified; run verify_employers.py before trusting."
Dow Jones,workday,dowjones|Dow_Jones_Career,True,PASS,200,224,Journalist,NYC - 1211 Ave of the Americas,https://dowjones.wd1.myworkdayjobs.com/Dow_Jones_Career,https://dowjones.wd1.myworkdayjobs.com/wday/cxs/dowjones/Dow_Jones_Career/jobs,Valid Workday CXS job inventory,"Knowledge-based mapping, NOT live-verified; run verify_employers.py before trusting."
Duke Energy,workday,dukeenergy|Search,True,PASS,200,89,PGO Engineering FERT Coordinator,2 Locations,https://dukeenergy.wd1.myworkdayjobs.com/Search,https://dukeenergy.wd1.myworkdayjobs.com/wday/cxs/dukeenergy/Search/jobs,Valid Workday CXS job inventory,Verified Workday portal (2026-10-05) via live job URLs. Covers Piedmont Natural Gas too.
eBay,workday,ebay|apply,True,PASS,200,288,AML Compliance Analyst,Luxembourg,https://ebay.wd5.myworkdayjobs.com/apply,https://ebay.wd5.myworkdayjobs.com/wday/cxs/ebay/apply/jobs,Valid Workday CXS job inventory,"Knowledge-based mapping, NOT live-verified; run verify_employers.py before trusting."
Edwards Lifesciences,workday,edwards|EdwardsCareers,True,PASS,200,399,THV Senior Field Clinical Specialist -Turkey (Contractor position),Turkey-Field,https://edwards.wd5.myworkdayjobs.com/EdwardsCareers,https://edwards.wd5.myworkdayjobs.com/wday/cxs/edwards/EdwardsCareers/jobs,Valid Workday CXS job inventory,"Knowledge-based mapping, NOT live-verified; run verify_employers.py before trusting."
Elevance Health/Anthem,workday,elevancehealth|ANT,True,PASS,200,229,"Nurse Practitioner 100% Virtual, CareBridge",2 Locations,https://elevancehealth.wd1.myworkdayjobs.com/ANT,https://elevancehealth.wd1.myworkdayjobs.com/wday/cxs/elevancehealth/ANT/jobs,Valid Workday CXS job inventory,"Verified Workday portal (2026-10-05) via live job URLs. Site slug still ""ANT"" (Anthem). Carelon row is an alias."
Equifax,workday,equifax|External,False,PASS,200,229,Software Engineer Intermediate,IND-Trivandrum-Equifax Analytics-PEC,https://equifax.wd5.myworkdayjobs.com/External,https://equifax.wd5.myworkdayjobs.com/wday/cxs/equifax/External/jobs,Valid Workday CXS job inventory,"LOW-CONFIDENCE guess (tenant/site from memory, may be wrong). Disabled until verify_employers.py passes it."
Fidelity Investments,workday,fmr|FidelityCareers,True,PASS,200,772,"Sr. Manager, Finance Business Performance & Insights","Covington, KY",https://fmr.wd1.myworkdayjobs.com/FidelityCareers,https://fmr.wd1.myworkdayjobs.com/wday/cxs/fmr/FidelityCareers/jobs,Valid Workday CXS job inventory,Verified Workday portal.
Fifth Third Bank,workday,fifththird|53careers,False,PASS,200,965,Associate RM,"Louisville, KY",https://fifththird.wd5.myworkdayjobs.com/53careers,https://fifththird.wd5.myworkdayjobs.com/wday/cxs/fifththird/53careers/jobs,Valid Workday CXS job inventory,"LOW-CONFIDENCE guess (tenant/site from memory, may be wrong). Disabled until verify_employers.py passes it."
FIS,workday,fis|SearchJobs,False,PASS,200,509,"Sr Manager, Project Management",BRA CAMP 301 BLDG 1 UNITS 11A-16A,https://fis.wd5.myworkdayjobs.com/SearchJobs,https://fis.wd5.myworkdayjobs.com/wday/cxs/fis/SearchJobs/jobs,Valid Workday CXS job inventory,"LOW-CONFIDENCE guess (tenant/site from memory, may be wrong). Disabled until verify_employers.py passes it."
Fiserv,workday,fiserv|EXT,True,PASS,200,290,Consumer Debt Resolution Specialist,"Coral Springs, Florida",https://fiserv.wd5.myworkdayjobs.com/EXT,https://fiserv.wd5.myworkdayjobs.com/wday/cxs/fiserv/EXT/jobs,Valid Workday CXS job inventory,Verified Workday portal (2026-10-05) via live job URLs. 392 jobs listed 2026-10-05.
Ford,oracle_cx,CX_1,True,PASS,200,5,Senior Software Engineer,India,https://efds.fa.em5.oraclecloud.com/hcmUI/CandidateExperience/en/sites/CX_1,https://efds.fa.em5.oraclecloud.com/hcmRestApi/resources/latest/recruitingCEJobRequisitions,Valid Oracle Recruiting Cloud inventory,"Verified Oracle Recruiting Cloud portal (2026-10-05): 847 open jobs, 689 US. Host is em5 region. Ford Credit row is an alias."
Gartner,workday,gartner|EXT,False,PASS,200,755,"Coordinator, PSS",Mumbai,https://gartner.wd5.myworkdayjobs.com/EXT,https://gartner.wd5.myworkdayjobs.com/wday/cxs/gartner/EXT/jobs,Valid Workday CXS job inventory,"LOW-CONFIDENCE guess (tenant/site from memory, may be wrong). Disabled until verify_employers.py passes it."
GE HealthCare,workday,gehc|GEHC_ExternalSite,True,PASS,200,960,HR Operations Associate (UK & IE),HUN02-01-Budapest-Vaci Greens C,https://gehc.wd5.myworkdayjobs.com/GEHC_ExternalSite,https://gehc.wd5.myworkdayjobs.com/wday/cxs/gehc/GEHC_ExternalSite/jobs,Valid Workday CXS job inventory,"Knowledge-based mapping, NOT live-verified; run verify_employers.py before trusting."
General Motors,workday,generalmotors|Careers_GM,True,PASS,200,782,Client Operation Specialist,"Herzliya, Tel Aviv District, Israel",https://generalmotors.wd5.myworkdayjobs.com/Careers_GM,https://generalmotors.wd5.myworkdayjobs.com/wday/cxs/generalmotors/Careers_GM/jobs,Valid Workday CXS job inventory,Verified GM Workday portal; GM Financial is a separate employer and should not be mapped here without separate verification.
Gilead Sciences,workday,gilead|gileadcareers,True,PASS,200,509,Cell Therapy Account Manager,Taiwan - Taipei,https://gilead.wd1.myworkdayjobs.com/gileadcareers,https://gilead.wd1.myworkdayjobs.com/wday/cxs/gilead/gileadcareers/jobs,Valid Workday CXS job inventory,"Knowledge-based mapping, NOT live-verified; run verify_employers.py before trusting."
Global Payments,workday,tsys|TSYS,True,PASS,200,353,Senior Software Engineer,"PUNE, , INDIA",https://tsys.wd1.myworkdayjobs.com/TSYS,https://tsys.wd1.myworkdayjobs.com/wday/cxs/tsys/TSYS/jobs,Valid Workday CXS job inventory,"Knowledge-based mapping, NOT live-verified; run verify_employers.py before trusting. Tenant is legacy TSYS; seen live in search 2026-10-05."
GlobalFoundries,workday,globalfoundries|External,True,PASS,200,721,Silicon Photonic (SiPh) Sort Test Engineer,2 Locations,https://globalfoundries.wd1.myworkdayjobs.com/External,https://globalfoundries.wd1.myworkdayjobs.com/wday/cxs/globalfoundries/External/jobs,Valid Workday CXS job inventory,"Knowledge-based mapping, NOT live-verified; run verify_employers.py before trusting."
Goldman Sachs,oracle_cx,LateralHiring,True,PASS,200,5,The Core Engineering-L2-Bengaluru-Vice President-Software Engineering,"Bengaluru, Karnataka, India",https://hdpc.fa.us2.oraclecloud.com/hcmUI/CandidateExperience/en/sites/LateralHiring,https://hdpc.fa.us2.oraclecloud.com/hcmRestApi/resources/latest/recruitingCEJobRequisitions,Valid Oracle Recruiting Cloud inventory,Oracle Recruiting Cloud experienced-hire site; enable for live verification.
GSK,workday,gsk|GSKCareers,True,PASS,200,677,"Manager Business Analytics, Vaccines",USA - Pennsylvania - Philadelphia,https://gsk.wd5.myworkdayjobs.com/GSKCareers,https://gsk.wd5.myworkdayjobs.com/wday/cxs/gsk/GSKCareers/jobs,Valid Workday CXS job inventory,"Knowledge-based mapping, NOT live-verified; run verify_employers.py before trusting."
HARMAN,workday,harman|HARMAN,True,PASS,200,517,Material Planner,"Szekesfehervar - Fejer, Hungary - Holland",https://harman.wd3.myworkdayjobs.com/HARMAN,https://harman.wd3.myworkdayjobs.com/wday/cxs/harman/HARMAN/jobs,Valid Workday CXS job inventory,"Knowledge-based mapping, NOT live-verified; run verify_employers.py before trusting."
Honeywell,oracle_cx,CX_1,True,PASS,200,5,Lead SW Architect,"Bengaluru, Karnataka, India",https://ibqbjb.fa.ocs.oraclecloud.com/hcmUI/CandidateExperience/en/sites/CX_1,https://ibqbjb.fa.ocs.oraclecloud.com/hcmRestApi/resources/latest/recruitingCEJobRequisitions,Valid Oracle Recruiting Cloud inventory,Verified Oracle Recruiting Cloud portal (2026-10-05) via live job URLs. careers.honeywell.com is a vanity domain. Honeywell Aerospace has a separate tenant (see its row).
Honeywell Aerospace,oracle_cx,Aerospace,True,PASS,200,5,Lead Software Engineer,"Lansdale, PA, United States",https://icfcjb.fa.ocs.oraclecloud.com/hcmUI/CandidateExperience/en/sites/Aerospace,https://icfcjb.fa.ocs.oraclecloud.com/hcmRestApi/resources/latest/recruitingCEJobRequisitions,Valid Oracle Recruiting Cloud inventory,"Verified Oracle Recruiting Cloud portal (2026-10-05). Honeywell Aerospace Inc. has its own Oracle tenant (icfcjb) separate from Honeywell parent (ibqbjb, site CX_1). NOTE: site code is ""Aerospace"", not CX_NNN; confirm collector does not assume CX_ prefix. A second site ""CX"" also appears on this tenant."
HP Inc,workday,hp|ExternalCareerSite,True,PASS,200,904,Machine Operator / Integrator,"Kiryat-Gat, South District, Israel",https://hp.wd5.myworkdayjobs.com/ExternalCareerSite,https://hp.wd5.myworkdayjobs.com/wday/cxs/hp/ExternalCareerSite/jobs,Valid Workday CXS job inventory,"Knowledge-based mapping, NOT live-verified; run verify_employers.py before trusting."
HPE,workday,hpe|Jobsathpe,True,PASS,200,1454,Infrastructure Technical Consultant,2 Locations,https://hpe.wd5.myworkdayjobs.com/Jobsathpe,https://hpe.wd5.myworkdayjobs.com/wday/cxs/hpe/Jobsathpe/jobs,Valid Workday CXS job inventory,"Knowledge-based mapping, NOT live-verified; run verify_employers.py before trusting."
Humana Technology,workday,humana|Humana_External_Career_Site,True,PASS,200,237,Corporate MD Grievance & Appeals,Remote Nationwide,https://humana.wd5.myworkdayjobs.com/Humana_External_Career_Site,https://humana.wd5.myworkdayjobs.com/wday/cxs/humana/Humana_External_Career_Site/jobs,Valid Workday CXS job inventory,"Knowledge-based mapping, NOT live-verified; run verify_employers.py before trusting. Humana corporate portal."
Illumina,workday,illumina|illumina-careers,True,PASS,200,158,"Manufacturing Equipment Engineer 2 (Diffusion, Bonding & Dicing)",Singapore - Woodlands - NorthTech,https://illumina.wd1.myworkdayjobs.com/illumina-careers,https://illumina.wd1.myworkdayjobs.com/wday/cxs/illumina/illumina-careers/jobs,Valid Workday CXS job inventory,"Knowledge-based mapping, NOT live-verified; run verify_employers.py before trusting."
Intel,workday,intel|External,True,PASS,200,602,Atom CPU Layout Design Engineer,"Mexico, Guadalajara",https://intel.wd1.myworkdayjobs.com/External,https://intel.wd1.myworkdayjobs.com/wday/cxs/intel/External/jobs,Valid Workday CXS job inventory,"Knowledge-based mapping, NOT live-verified; run verify_employers.py before trusting."
Invesco,workday,invesco|IVZ,True,PASS,200,241,"Senior Associate, Fund Analysis (Real Estate)",2 Locations,https://invesco.wd1.myworkdayjobs.com/IVZ,https://invesco.wd1.myworkdayjobs.com/wday/cxs/invesco/IVZ/jobs,Valid Workday CXS job inventory,"Knowledge-based mapping, NOT live-verified; run verify_employers.py before trusting."
IQVIA,workday,iqvia|IQVIA,False,PASS,200,1899,Sr Stat Programmer,2 Locations,https://iqvia.wd1.myworkdayjobs.com/IQVIA,https://iqvia.wd1.myworkdayjobs.com/wday/cxs/iqvia/IQVIA/jobs,Valid Workday CXS job inventory,"LOW-CONFIDENCE guess (tenant/site from memory, may be wrong). Disabled until verify_employers.py passes it."
JLL,workday,jll|jllcareers,True,PASS,200,2000,Finance SME- Accounts Payable,"Hyderabad, TS",https://jll.wd1.myworkdayjobs.com/jllcareers,https://jll.wd1.myworkdayjobs.com/wday/cxs/jll/jllcareers/jobs,Valid Workday CXS job inventory,"Knowledge-based mapping, NOT live-verified; run verify_employers.py before trusting."
Johnson & Johnson,workday,jj|JJ,True,PASS,200,1777,Medical Sales representative- Orthopedic Trauma,"Kibbutz Shefayim, Center District, Israel",https://jj.wd5.myworkdayjobs.com/JJ,https://jj.wd5.myworkdayjobs.com/wday/cxs/jj/JJ/jobs,Valid Workday CXS job inventory,Verified Workday portal (2026-10-05) via live job URLs. careers.jnj.com is the front end.
Johnson Controls,workday,jci|JCI,False,PASS,200,2594,Consultor(a) de Vendas Internas Jr - Televendas,Sao Paulo-São Paulo-Brazil,https://jci.wd5.myworkdayjobs.com/JCI,https://jci.wd5.myworkdayjobs.com/wday/cxs/jci/JCI/jobs,Valid Workday CXS job inventory,"LOW-CONFIDENCE guess (tenant/site from memory, may be wrong). Disabled until verify_employers.py passes it."
JPMorgan Chase,oracle_cx,CX_1001,True,PASS,200,5,Snr Lead Software Engineer - Developer Experience Engineering,"LONDON, LONDON, United Kingdom",https://jpmc.fa.oraclecloud.com/hcmUI/CandidateExperience/en/sites/CX_1001/jobs,https://jpmc.fa.oraclecloud.com/hcmRestApi/resources/latest/recruitingCEJobRequisitions,Valid Oracle Recruiting Cloud inventory,Oracle Recruiting Cloud URL provided by user; enable for live verification.
KLA,workday,kla|Search,True,PASS,200,1079,Sr. Talent Acquisition Specialist,"Hsinchu, Taiwan",https://kla.wd1.myworkdayjobs.com/Search,https://kla.wd1.myworkdayjobs.com/wday/cxs/kla/Search/jobs,Valid Workday CXS job inventory,"Knowledge-based mapping, NOT live-verified; run verify_employers.py before trusting."
Labcorp,workday,labcorp|External,True,PASS,200,1808,Operations Scientist I,Harrogate United Kingdom,https://labcorp.wd1.myworkdayjobs.com/External,https://labcorp.wd1.myworkdayjobs.com/wday/cxs/labcorp/External/jobs,Valid Workday CXS job inventory,"Knowledge-based mapping, NOT live-verified; run verify_employers.py before trusting."
Logitech,workday,logitech|Logitech,False,PASS,200,221,E-Commerce Lead,2 Locations,https://logitech.wd5.myworkdayjobs.com/Logitech,https://logitech.wd5.myworkdayjobs.com/wday/cxs/logitech/Logitech/jobs,Valid Workday CXS job inventory,"LOW-CONFIDENCE guess (tenant/site from memory, may be wrong). Disabled until verify_employers.py passes it."
M&T Bank,workday,mtb|MTB,True,PASS,200,781,"Commercial Credit Senior Associate, Commercial Real Estate","Tarrytown, NY",https://mtb.wd5.myworkdayjobs.com/MTB,https://mtb.wd5.myworkdayjobs.com/wday/cxs/mtb/MTB/jobs,Valid Workday CXS job inventory,"Knowledge-based mapping, NOT live-verified; run verify_employers.py before trusting."
Macy's,oracle_cx,CX_1001,True,PASS,200,5,Senior Software Engineer - Contact Center,"Johns Creek, GA, United States",https://ebwh.fa.us2.oraclecloud.com/hcmUI/CandidateExperience/en/sites/CX_1001,https://ebwh.fa.us2.oraclecloud.com/hcmRestApi/resources/latest/recruitingCEJobRequisitions,Valid Oracle Recruiting Cloud inventory,Already working in collector; canonical Macy's portal. Macy's Technology/Bloomingdale's aliases should be checked before enabling separately.
Marsh McLennan,workday,mmc|MMC,True,PASS,200,1952,Claims Advisory Senior Executive,Limassol - Michaelides,https://mmc.wd1.myworkdayjobs.com/MMC,https://mmc.wd1.myworkdayjobs.com/wday/cxs/mmc/MMC/jobs,Valid Workday CXS job inventory,"Knowledge-based mapping, NOT live-verified; run verify_employers.py before trusting. Canonical MMC portal; Mercer and Guy Carpenter rows are aliases."
Marvell Technology,workday,marvell|MarvellCareers,True,PASS,200,287,Hardware Board Design Senior Staff Engineer,Yokneam,https://marvell.wd1.myworkdayjobs.com/MarvellCareers,https://marvell.wd1.myworkdayjobs.com/wday/cxs/marvell/MarvellCareers/jobs,Valid Workday CXS job inventory,"Knowledge-based mapping, NOT live-verified; run verify_employers.py before trusting."
Mastercard,workday,mastercard|CorporateCareers,True,PASS,200,1047,AI Engineer,"Pune, India",https://mastercard.wd1.myworkdayjobs.com/CorporateCareers,https://mastercard.wd1.myworkdayjobs.com/wday/cxs/mastercard/CorporateCareers/jobs,Valid Workday CXS job inventory,Verified Workday corporate careers portal.
McKesson,workday,mckesson|External_Careers,True,PASS,200,624,"Sr. ATTP Architect, Technical Solutions and Integrations, Enterprise Serialization Service",Cork,https://mckesson.wd3.myworkdayjobs.com/External_Careers,https://mckesson.wd3.myworkdayjobs.com/wday/cxs/mckesson/External_Careers/jobs,Valid Workday CXS job inventory,"Knowledge-based mapping, NOT live-verified; run verify_employers.py before trusting."
Medtronic,workday,medtronic|MedtronicCareers,True,PASS,200,1045,Inventory Clerk II,"North Haven, Connecticut, United States of America",https://medtronic.wd1.myworkdayjobs.com/MedtronicCareers,https://medtronic.wd1.myworkdayjobs.com/wday/cxs/medtronic/MedtronicCareers/jobs,Valid Workday CXS job inventory,"Knowledge-based mapping, NOT live-verified; run verify_employers.py before trusting."
Merck,workday,msd|SearchJobs,True,PASS,200,1015,"Associate Director, Launch Excellence & Portfolio Capability Management",4 Locations,https://msd.wd5.myworkdayjobs.com/SearchJobs,https://msd.wd5.myworkdayjobs.com/wday/cxs/msd/SearchJobs/jobs,Valid Workday CXS job inventory,"Knowledge-based mapping, NOT live-verified; run verify_employers.py before trusting."
Micron Technology,workday,micron|External,True,PASS,200,3118,PDE NPI PWF Process Engineer,"Taichung - Fab 16, Taiwan",https://micron.wd1.myworkdayjobs.com/External,https://micron.wd1.myworkdayjobs.com/wday/cxs/micron/External/jobs,Valid Workday CXS job inventory,"Knowledge-based mapping, NOT live-verified; run verify_employers.py before trusting."
Moderna,workday,modernatx|M_tx,True,PASS,200,238,"Associate Director, Marketing - Oncology",,https://modernatx.wd1.myworkdayjobs.com/M_tx,https://modernatx.wd1.myworkdayjobs.com/wday/cxs/modernatx/M_tx/jobs,Valid Workday CXS job inventory,"Knowledge-based mapping, NOT live-verified; run verify_employers.py before trusting."
Morgan Stanley,workday,ms|External,True,PASS,200,1347,Intern,"San Antonio, Texas, United States of America",https://ms.wd5.myworkdayjobs.com/External,https://ms.wd5.myworkdayjobs.com/wday/cxs/ms/External/jobs,Valid Workday CXS job inventory,"Knowledge-based mapping, NOT live-verified; run verify_employers.py before trusting."
Morningstar,workday,morningstar|Americas,True,PASS,200,30,"Commercial (Sr.) Sales Associate, Sustainalytics Japan",Tokyo,https://morningstar.wd5.myworkdayjobs.com/Americas,https://morningstar.wd5.myworkdayjobs.com/wday/cxs/morningstar/Americas/jobs,Valid Workday CXS job inventory,"Knowledge-based mapping, NOT live-verified; run verify_employers.py before trusting."
Motorola Solutions,workday,motorolasolutions|Careers,True,PASS,200,893,Software Engineer (Fresh Graduate),"Penang, Malaysia",https://motorolasolutions.wd5.myworkdayjobs.com/Careers,https://motorolasolutions.wd5.myworkdayjobs.com/wday/cxs/motorolasolutions/Careers/jobs,Valid Workday CXS job inventory,"Knowledge-based mapping, NOT live-verified; run verify_employers.py before trusting."
Nasdaq,workday,nasdaq|Global_External_Site,True,PASS,200,181,Senior Systems Operations Analyst,Bangalore-Affluence,https://nasdaq.wd1.myworkdayjobs.com/Global_External_Site,https://nasdaq.wd1.myworkdayjobs.com/wday/cxs/nasdaq/Global_External_Site/jobs,Valid Workday CXS job inventory,"Knowledge-based mapping, NOT live-verified; run verify_employers.py before trusting."
Northrop Grumman,workday,ngc|Northrop_Grumman_External_Site,True,PASS,200,3679,AI/Automation Engineer - Level 2/3 (Chandler),United States-Arizona-Chandler,https://ngc.wd1.myworkdayjobs.com/Northrop_Grumman_External_Site,https://ngc.wd1.myworkdayjobs.com/wday/cxs/ngc/Northrop_Grumman_External_Site/jobs,Valid Workday CXS job inventory,Verified Workday portal (2026-10-05). Separate Northrop_Grumman_Contingent_Worker_Site exists on same tenant; do not collect it.
Northwestern Mutual,workday,northwesternmutual|CORPORATE-CAREERS,True,PASS,200,78,Data Engineer II,"Milwaukee, WI Corporate",https://northwesternmutual.wd5.myworkdayjobs.com/CORPORATE-CAREERS,https://northwesternmutual.wd5.myworkdayjobs.com/wday/cxs/northwesternmutual/CORPORATE-CAREERS/jobs,Valid Workday CXS job inventory,"Knowledge-based mapping, NOT live-verified; run verify_employers.py before trusting."
Novartis,workday,novartis|Novartis_Careers,True,PASS,200,826,Neuroscience Territory Account Specialist – Scranton,4 Locations,https://novartis.wd3.myworkdayjobs.com/Novartis_Careers,https://novartis.wd3.myworkdayjobs.com/wday/cxs/novartis/Novartis_Careers/jobs,Valid Workday CXS job inventory,"Knowledge-based mapping, NOT live-verified; run verify_employers.py before trusting."
Nvidia,workday,nvidia|NVIDIAExternalCareerSite,True,PASS,200,2000,Senior Mechanical Engineer,"Israel, Yokneam",https://nvidia.wd5.myworkdayjobs.com/NVIDIAExternalCareerSite,https://nvidia.wd5.myworkdayjobs.com/wday/cxs/nvidia/NVIDIAExternalCareerSite/jobs,Valid Workday CXS job inventory,Verified NVIDIA external Workday portal.
NXP,workday,nxp|careers,True,PASS,200,787,Systems Software Engineer,Bangkok,https://nxp.wd3.myworkdayjobs.com/careers,https://nxp.wd3.myworkdayjobs.com/wday/cxs/nxp/careers/jobs,Valid Workday CXS job inventory,"Knowledge-based mapping, NOT live-verified; run verify_employers.py before trusting."
Oracle,oracle_cx,CX_45001,True,PASS,200,5,Principal Quality Engineer,"Santa Clara, CA, United States",https://eeho.fa.us2.oraclecloud.com/hcmUI/CandidateExperience/en/sites/jobsearch,https://eeho.fa.us2.oraclecloud.com/hcmRestApi/resources/latest/recruitingCEJobRequisitions,Valid Oracle Recruiting Cloud inventory,Already working in collector; canonical Oracle portal. OCI/Oracle Health aliases should not duplicate this portal.
PayPal,workday,paypal|jobs,True,PASS,200,301,Regulatory Reporting Senior Manager,"Bangalore, Karnataka, India",https://paypal.wd1.myworkdayjobs.com/jobs,https://paypal.wd1.myworkdayjobs.com/wday/cxs/paypal/jobs/jobs,Valid Workday CXS job inventory,"Verified Workday portal; Venmo roles may share PayPal hiring infrastructure, so avoid a duplicate collector row unless a separate portal is verified."
Pearson,oracle_cx,CX_2,True,PASS,200,5,Software Engineer III,"Bangalore, Karnataka, India",https://hccz.fa.em3.oraclecloud.com/hcmUI/CandidateExperience/en/sites/CX_2,https://hccz.fa.em3.oraclecloud.com/hcmRestApi/resources/latest/recruitingCEJobRequisitions,Valid Oracle Recruiting Cloud inventory,Verified Oracle Recruiting Cloud portal (2026-10-05). Host hccz.fa.em3.oraclecloud.com (EMEA region host). pearson.jobs is a DirectEmployers front end. Third-party guides wrongly claim Workday; live job URLs confirm Oracle CX.
Pfizer,workday,pfizer|PfizerCareers,True,PASS,200,520,"VP, Head of R&D Clinical Creation Center",3 Locations,https://pfizer.wd1.myworkdayjobs.com/PfizerCareers,https://pfizer.wd1.myworkdayjobs.com/wday/cxs/pfizer/PfizerCareers/jobs,Valid Workday CXS job inventory,"Knowledge-based mapping, NOT live-verified; run verify_employers.py before trusting."
Philips,workday,philips|jobs-and-careers,True,PASS,200,841,Manufacturing Engineer,Batam Island,https://philips.wd3.myworkdayjobs.com/jobs-and-careers,https://philips.wd3.myworkdayjobs.com/wday/cxs/philips/jobs-and-careers/jobs,Valid Workday CXS job inventory,"Knowledge-based mapping, NOT live-verified; run verify_employers.py before trusting."
Pluralsight,workday,pluralsight|Careers,True,PASS,200,15,Senior Digital Customer Experience Manager,Remote - USA,https://pluralsight.wd1.myworkdayjobs.com/Careers,https://pluralsight.wd1.myworkdayjobs.com/wday/cxs/pluralsight/Careers/jobs,Valid Workday CXS job inventory,Verified Workday portal (2026-10-05).
PNC,workday,pnc|External,True,PASS,200,2000,Detection & Investigation Analyst Sr - Physical Security Operations Center,OH - Cleveland (44135),https://pnc.wd5.myworkdayjobs.com/External,https://pnc.wd5.myworkdayjobs.com/wday/cxs/pnc/External/jobs,Valid Workday CXS job inventory,"Knowledge-based mapping, NOT live-verified; run verify_employers.py before trusting."
Prudential Financial,workday,pru|Careers,True,PASS,200,165,"Executive Assistant, Office of the Chairman & CEO (Hybrid)","Newark, NJ, USA",https://pru.wd5.myworkdayjobs.com/Careers,https://pru.wd5.myworkdayjobs.com/wday/cxs/pru/Careers/jobs,Valid Workday CXS job inventory,"Knowledge-based mapping, NOT live-verified; run verify_employers.py before trusting."
Red Hat,workday,redhat|Jobs,True,PASS,200,146,Software Engineering Intern,2 Locations,https://redhat.wd5.myworkdayjobs.com/Jobs,https://redhat.wd5.myworkdayjobs.com/wday/cxs/redhat/Jobs/jobs,Valid Workday CXS job inventory,"Knowledge-based mapping, NOT live-verified; run verify_employers.py before trusting."
Regions Bank,workday,regions|Regions_Careers,True,PASS,200,477,Treasury Management Implementation Product Specialist,"Hoover, AL - Riverchase North Building (Birmingham, AL)",https://regions.wd5.myworkdayjobs.com/Regions_Careers,https://regions.wd5.myworkdayjobs.com/wday/cxs/regions/Regions_Careers/jobs,Valid Workday CXS job inventory,"Knowledge-based mapping, NOT live-verified; run verify_employers.py before trusting."
RELX,workday,relx|relx,True,PASS,200,796,Client Manager - Legal & Professional,"Dayton, OH",https://relx.wd3.myworkdayjobs.com/relx,https://relx.wd3.myworkdayjobs.com/wday/cxs/relx/relx/jobs,Valid Workday CXS job inventory,"Knowledge-based mapping, NOT live-verified; run verify_employers.py before trusting. LexisNexis and Elsevier rows are aliases."
Roche,workday,roche|roche-ext,True,PASS,200,1198,IT Onsite Enablement Partner,Espoo,https://roche.wd3.myworkdayjobs.com/roche-ext,https://roche.wd3.myworkdayjobs.com/wday/cxs/roche/roche-ext/jobs,Valid Workday CXS job inventory,"Knowledge-based mapping, NOT live-verified; run verify_employers.py before trusting."
Rockwell Automation,workday,rockwellautomation|External_Rockwell_Automation,True,PASS,200,404,Staff Firmware Security Engineer,"Singapore, Singapore",https://rockwellautomation.wd1.myworkdayjobs.com/External_Rockwell_Automation,https://rockwellautomation.wd1.myworkdayjobs.com/wday/cxs/rockwellautomation/External_Rockwell_Automation/jobs,Valid Workday CXS job inventory,"Knowledge-based mapping, NOT live-verified; run verify_employers.py before trusting."
Salesforce,workday,salesforce|External_Career_Site,True,PASS,200,1511,Salesforce Technical Architect (Education/Travel/Real-Estate Domain),3 Locations,https://salesforce.wd12.myworkdayjobs.com/External_Career_Site,https://salesforce.wd12.myworkdayjobs.com/wday/cxs/salesforce/External_Career_Site/jobs,Valid Workday CXS job inventory,"Knowledge-based mapping, NOT live-verified; run verify_employers.py before trusting."
Samsung Semiconductor,workday,sec|Samsung_Careers,False,PASS,200,669,Safety Engineer,"Kom Abu Radi Industrial Zone, Al Wasta, Beni Suef, Egypt",https://sec.wd3.myworkdayjobs.com/Samsung_Careers,https://sec.wd3.myworkdayjobs.com/wday/cxs/sec/Samsung_Careers/jobs,Valid Workday CXS job inventory,"LOW-CONFIDENCE guess (tenant/site from memory, may be wrong). Disabled until verify_employers.py passes it."
Sanofi,workday,sanofi|SanofiCareers,True,PASS,200,851,"Medical Science Liaison, Transplant",Reading,https://sanofi.wd3.myworkdayjobs.com/SanofiCareers,https://sanofi.wd3.myworkdayjobs.com/wday/cxs/sanofi/SanofiCareers/jobs,Valid Workday CXS job inventory,"Knowledge-based mapping, NOT live-verified; run verify_employers.py before trusting."
Shell USA,workday,shell|ShellCareers,True,PASS,200,140,"Collections Representative,",Dela Rosa - Street office,https://shell.wd3.myworkdayjobs.com/ShellCareers,https://shell.wd3.myworkdayjobs.com/wday/cxs/shell/ShellCareers/jobs,Valid Workday CXS job inventory,"Knowledge-based mapping, NOT live-verified; run verify_employers.py before trusting."
Sony,workday,sonyglobal|SonyGlobalCareers,False,PASS,200,111,Live Events Manager,Weybridge,https://sonyglobal.wd1.myworkdayjobs.com/SonyGlobalCareers,https://sonyglobal.wd1.myworkdayjobs.com/wday/cxs/sonyglobal/SonyGlobalCareers/jobs,Valid Workday CXS job inventory,"LOW-CONFIDENCE guess (tenant/site from memory, may be wrong). Disabled until verify_employers.py passes it."
State Street,workday,statestreet|Global,True,PASS,200,1076,"Network Management, Senior Associate",2 Locations,https://statestreet.wd1.myworkdayjobs.com/Global,https://statestreet.wd1.myworkdayjobs.com/wday/cxs/statestreet/Global/jobs,Valid Workday CXS job inventory,"Knowledge-based mapping, NOT live-verified; run verify_employers.py before trusting."
Stryker,workday,stryker|StrykerCareers,True,PASS,200,1457,"Territory Sales Manager, Trauma ","Oslo, Norway",https://stryker.wd1.myworkdayjobs.com/StrykerCareers,https://stryker.wd1.myworkdayjobs.com/wday/cxs/stryker/StrykerCareers/jobs,Valid Workday CXS job inventory,"Knowledge-based mapping, NOT live-verified; run verify_employers.py before trusting."
T. Rowe Price,workday,troweprice|TRowePrice,True,PASS,200,143,"Lead Data Analyst– Investment Data Strategy (Washington DC or Baltimore, MD)",2 Locations,https://troweprice.wd5.myworkdayjobs.com/TRowePrice,https://troweprice.wd5.myworkdayjobs.com/wday/cxs/troweprice/TRowePrice/jobs,Valid Workday CXS job inventory,"Knowledge-based mapping, NOT live-verified; run verify_employers.py before trusting."
Target,workday,target|targetcareers,True,PASS,200,2000,Starbucks Barista (T0857),"4800 3rd Ave, Kearney,NE 68845-2892",https://target.wd5.myworkdayjobs.com/targetcareers,https://target.wd5.myworkdayjobs.com/wday/cxs/target/targetcareers/jobs,Valid Workday CXS job inventory,"Verified Workday portal; Target Technology is an alias/search target, not a duplicate collector portal."
The Hartford,workday,thehartford|Careers_External,True,PASS,200,230,Workers' Compensation Claim Representative/Senior Claim Representative,7 Locations,https://thehartford.wd5.myworkdayjobs.com/Careers_External,https://thehartford.wd5.myworkdayjobs.com/wday/cxs/thehartford/Careers_External/jobs,Valid Workday CXS job inventory,"Knowledge-based mapping, NOT live-verified; run verify_employers.py before trusting."
Thermo Fisher Scientific,workday,thermofisher|ThermoFisherCareers,True,PASS,200,2919,MSD Customer Service Specialist,"Tokyo, Japan",https://thermofisher.wd5.myworkdayjobs.com/ThermoFisherCareers,https://thermofisher.wd5.myworkdayjobs.com/wday/cxs/thermofisher/ThermoFisherCareers/jobs,Valid Workday CXS job inventory,Verified Workday portal (2026-10-05) via live job URLs. jobs.thermofisher.com is a Phenom front end.
Thomson Reuters,workday,thomsonreuters|External_Career_Site,True,PASS,200,433,Software Engineer,,https://thomsonreuters.wd5.myworkdayjobs.com/External_Career_Site,https://thomsonreuters.wd5.myworkdayjobs.com/wday/cxs/thomsonreuters/External_Career_Site/jobs,Valid Workday CXS job inventory,"Knowledge-based mapping, NOT live-verified; run verify_employers.py before trusting."
Toyota Motor North America,workday,toyota|TMNA,True,PASS,200,126,Manager - Manufacturing Finance,"Liberty, North Carolina",https://toyota.wd503.myworkdayjobs.com/TMNA,https://toyota.wd503.myworkdayjobs.com/wday/cxs/toyota/TMNA/jobs,Valid Workday CXS job inventory,Toyota TMNA Workday portal; enable for live verification.
TransUnion,workday,transunion|TransUnion,False,PASS,200,233,"Director, Global Indirect Tax","Chicago, Illinois",https://transunion.wd5.myworkdayjobs.com/TransUnion,https://transunion.wd5.myworkdayjobs.com/wday/cxs/transunion/TransUnion/jobs,Valid Workday CXS job inventory,"LOW-CONFIDENCE guess (tenant/site from memory, may be wrong). Disabled until verify_employers.py passes it."
Travelers,workday,travelers|External,True,PASS,200,392,Claim Operations Specialist,NJ - Morristown,https://travelers.wd5.myworkdayjobs.com/External,https://travelers.wd5.myworkdayjobs.com/wday/cxs/travelers/External/jobs,Valid Workday CXS job inventory,"Knowledge-based mapping, NOT live-verified; run verify_employers.py before trusting."
Trimble,workday,trimble|TrimbleCareers,True,PASS,200,218,Data Integration Software Engineer,3 Locations,https://trimble.wd1.myworkdayjobs.com/TrimbleCareers,https://trimble.wd1.myworkdayjobs.com/wday/cxs/trimble/TrimbleCareers/jobs,Valid Workday CXS job inventory,"Knowledge-based mapping, NOT live-verified; run verify_employers.py before trusting."
Truist,workday,truist|Careers,True,PASS,200,1110,Relationship Banker/SR -Hillsborough - South Tampa,"Tampa, FL",https://truist.wd1.myworkdayjobs.com/Careers,https://truist.wd1.myworkdayjobs.com/wday/cxs/truist/Careers/jobs,Valid Workday CXS job inventory,"Knowledge-based mapping, NOT live-verified; run verify_employers.py before trusting."
U.S. Bank,workday,usbank|US_Bank_Careers,True,PASS,200,1187,Commercial Customer Service Banker - Japanese,6 Locations,https://usbank.wd1.myworkdayjobs.com/US_Bank_Careers,https://usbank.wd1.myworkdayjobs.com/wday/cxs/usbank/US_Bank_Careers/jobs,Valid Workday CXS job inventory,"Knowledge-based mapping, NOT live-verified; run verify_employers.py before trusting."
Unum,workday,unum|External,True,PASS,200,67,Business Intern (Summer 2027),3 Locations,https://unum.wd1.myworkdayjobs.com/External,https://unum.wd1.myworkdayjobs.com/wday/cxs/unum/External/jobs,Valid Workday CXS job inventory,"Knowledge-based mapping, NOT live-verified; run verify_employers.py before trusting."
USAA,workday,usaa|USAAJOBSWD,True,PASS,200,211,Associate Auto Adjuster-Claims,"CVA,VA-Crossways I & II",https://usaa.wd1.myworkdayjobs.com/USAAJOBSWD,https://usaa.wd1.myworkdayjobs.com/wday/cxs/usaa/USAAJOBSWD/jobs,Valid Workday CXS job inventory,"Knowledge-based mapping, NOT live-verified; run verify_employers.py before trusting."
Vanguard,workday,vanguard|vanguard_external,True,PASS,200,364,Lead Software Engineer – Platform / Backend (Cloud & DevOps),"Hyderabad, India",https://vanguard.wd5.myworkdayjobs.com/vanguard_external,https://vanguard.wd5.myworkdayjobs.com/wday/cxs/vanguard/vanguard_external/jobs,Valid Workday CXS job inventory,"Knowledge-based mapping, NOT live-verified; run verify_employers.py before trusting."
Verisk,oracle_cx,CX_1,True,PASS,200,5,"Gen AI Principal/Tech Lead Engineer - Python, FAST API","Hyderabad, Telangana, India",https://fa-ewmy-saasfaprod1.fa.ocs.oraclecloud.com/hcmUI/CandidateExperience/en/sites/CX_1,https://fa-ewmy-saasfaprod1.fa.ocs.oraclecloud.com/hcmRestApi/resources/latest/recruitingCEJobRequisitions,Valid Oracle Recruiting Cloud inventory,Verified Oracle Recruiting Cloud portal (2026-10-05). Host fa-ewmy-saasfaprod1.fa.ocs.oraclecloud.com; postings dated Oct 2026 confirm active. A legacy careers.smartrecruiters.com/Verisk board also exists; ignore it.
Vertex Pharmaceuticals,workday,vrtx|vertex_careers,True,PASS,200,300,Nephrology Medical Affairs Senior Director,"Paddington, United Kingdom",https://vrtx.wd501.myworkdayjobs.com/vertex_careers,https://vrtx.wd501.myworkdayjobs.com/wday/cxs/vrtx/vertex_careers/jobs,Valid Workday CXS job inventory,"Knowledge-based mapping, NOT live-verified; run verify_employers.py before trusting."
Visa,workday,visa|Visa,True,PASS,200,773,Technical Client Care Associate,"PH - Pasay, Philippines - Manila",https://visa.wd5.myworkdayjobs.com/Visa,https://visa.wd5.myworkdayjobs.com/wday/cxs/visa/Visa/jobs,Valid Workday CXS job inventory,Verified experienced-hire Workday portal; do not use Visa_Early_Careers for this senior-job collector.
Warner Bros. Discovery,workday,warnerbros|global,True,PASS,200,277,Global Compliance Manager,Leavesden South Way,https://warnerbros.wd5.myworkdayjobs.com/global,https://warnerbros.wd5.myworkdayjobs.com/wday/cxs/warnerbros/global/jobs,Valid Workday CXS job inventory,Verified Workday portal (2026-10-05) via live job URLs. WBD announced a split into Warner Bros. and Discovery Global for mid-2026; recheck tenant after separation. HBO row is an alias.
Wolters Kluwer,workday,wk|External,True,PASS,200,451,Sr. Software Test Automation Engineer – Playwright with TypeScript and Agentic AI,IND-Pune-Smartworks,https://wk.wd3.myworkdayjobs.com/External,https://wk.wd3.myworkdayjobs.com/wday/cxs/wk/External/jobs,Valid Workday CXS job inventory,Verified Workday portal (2026-10-05).
Workday,workday,workday|Workday,True,PASS,200,383,Senior Cloud Engineer,"Ireland, Dublin",https://workday.wd5.myworkdayjobs.com/Workday,https://workday.wd5.myworkdayjobs.com/wday/cxs/workday/Workday/jobs,Valid Workday CXS job inventory,"Knowledge-based mapping, NOT live-verified; run verify_employers.py before trusting."
Xcel Energy,workday,xcelenergy|External,False,PASS,200,241,"Reliability Engineer, (Senior or Principal)","Denver, CO, 80216",https://xcelenergy.wd1.myworkdayjobs.com/External,https://xcelenergy.wd1.myworkdayjobs.com/wday/cxs/xcelenergy/External/jobs,Valid Workday CXS job inventory,"LOW-CONFIDENCE guess (tenant/site from memory, may be wrong). Disabled until verify_employers.py passes it."
Zillow,workday,zillow|Zillow_Group_External,True,PASS,200,132,"Senior Engineering Manager, Software Engineering",Bengaluru,https://zillow.wd5.myworkdayjobs.com/Zillow_Group_External,https://zillow.wd5.myworkdayjobs.com/wday/cxs/zillow/Zillow_Group_External/jobs,Valid Workday CXS job inventory,"Knowledge-based mapping, NOT live-verified; run verify_employers.py before trusting."
Zoom,workday,zoom|Zoom,True,PASS,200,98,"Senior Sales Operations Manager, EMEA Central",2 Locations,https://zoom.wd5.myworkdayjobs.com/Zoom,https://zoom.wd5.myworkdayjobs.com/wday/cxs/zoom/Zoom/jobs,Valid Workday CXS job inventory,"Knowledge-based mapping, NOT live-verified; run verify_employers.py before trusting."
Exact Sciences,workday,exactsciences|Exact_Sciences,True,PASS_EMPTY,200,0,,,https://exactsciences.wd1.myworkdayjobs.com/Exact_Sciences,https://exactsciences.wd1.myworkdayjobs.com/wday/cxs/exactsciences/Exact_Sciences/jobs,"Valid Workday CXS endpoint, currently returned 0 jobs","Knowledge-based mapping, NOT live-verified; run verify_employers.py before trusting."
AbbVie,workday,abbvie|External,True,BLOCKED,401,,,,https://abbvie.wd5.myworkdayjobs.com/External,https://abbvie.wd5.myworkdayjobs.com/wday/cxs/abbvie/External/jobs,HTTP 401; mapping not disproven,"Knowledge-based mapping, NOT live-verified; run verify_employers.py before trusting."
Best Buy,workday,bestbuy|External,False,BLOCKED,401,,,,https://bestbuy.wd1.myworkdayjobs.com/External,https://bestbuy.wd1.myworkdayjobs.com/wday/cxs/bestbuy/External/jobs,HTTP 401; mapping not disproven,"LOW-CONFIDENCE guess (tenant/site from memory, may be wrong). Disabled until verify_employers.py passes it."
Booking Holdings,workday,booking|External,False,BLOCKED,401,,,,https://booking.wd3.myworkdayjobs.com/External,https://booking.wd3.myworkdayjobs.com/wday/cxs/booking/External/jobs,HTTP 401; mapping not disproven,"LOW-CONFIDENCE guess (tenant/site from memory, may be wrong). Disabled until verify_employers.py passes it."
Charles Schwab,workday,schwab|External,True,BLOCKED,401,,,,https://schwab.wd5.myworkdayjobs.com/External,https://schwab.wd5.myworkdayjobs.com/wday/cxs/schwab/External/jobs,HTTP 401; mapping not disproven,"Knowledge-based mapping, NOT live-verified; run verify_employers.py before trusting."
Comerica,workday,comerica|ComericaCareers,False,BLOCKED,401,,,,https://comerica.wd1.myworkdayjobs.com/ComericaCareers,https://comerica.wd1.myworkdayjobs.com/wday/cxs/comerica/ComericaCareers/jobs,HTTP 401; mapping not disproven,"LOW-CONFIDENCE guess (tenant/site from memory, may be wrong). Disabled until verify_employers.py passes it."
Discover,workday,discover|Discover,True,BLOCKED,401,,,,https://discover.wd5.myworkdayjobs.com/Discover,https://discover.wd5.myworkdayjobs.com/wday/cxs/discover/Discover/jobs,HTTP 401; mapping not disproven,"Knowledge-based mapping, NOT live-verified; run verify_employers.py before trusting."
Dun & Bradstreet,workday,dnb|Careers,True,BLOCKED,403,,,,https://dnb.wd1.myworkdayjobs.com/Careers,https://dnb.wd1.myworkdayjobs.com/wday/cxs/dnb/Careers/jobs,HTTP 403; mapping not disproven,"Verified Workday portal (2026-10-05). D&B went private (Clearlake, 2025); recheck portal if counts drop to zero."
Lululemon,workday,lululemon|lululemon,True,BLOCKED,401,,,,https://lululemon.wd3.myworkdayjobs.com/lululemon,https://lululemon.wd3.myworkdayjobs.com/wday/cxs/lululemon/lululemon/jobs,HTTP 401; mapping not disproven,"Knowledge-based mapping, NOT live-verified; run verify_employers.py before trusting."
MSCI,workday,msci|MSCI_Careers,False,BLOCKED,401,,,,https://msci.wd1.myworkdayjobs.com/MSCI_Careers,https://msci.wd1.myworkdayjobs.com/wday/cxs/msci/MSCI_Careers/jobs,HTTP 401; mapping not disproven,"LOW-CONFIDENCE guess (tenant/site from memory, may be wrong). Disabled until verify_employers.py passes it."
Snowflake,workday,snowflake|Snowflake_Careers,True,BLOCKED,401,,,,https://snowflake.wd5.myworkdayjobs.com/Snowflake_Careers,https://snowflake.wd5.myworkdayjobs.com/wday/cxs/snowflake/Snowflake_Careers/jobs,HTTP 401; mapping not disproven,"Knowledge-based mapping, NOT live-verified; run verify_employers.py before trusting."
Academy Sports + Outdoors,workday,academy|External,False,FAIL,404,,,,https://academy.wd1.myworkdayjobs.com/External,https://academy.wd1.myworkdayjobs.com/wday/cxs/academy/External/jobs,HTTP 404,"LOW-CONFIDENCE guess (tenant/site from memory, may be wrong). Disabled until verify_employers.py passes it."
Aflac,workday,aflac|External,False,FAIL,422,,,,https://aflac.wd1.myworkdayjobs.com/External,https://aflac.wd1.myworkdayjobs.com/wday/cxs/aflac/External/jobs,HTTP 422,"LOW-CONFIDENCE guess (tenant/site from memory, may be wrong). Disabled until verify_employers.py passes it."
Air Products,workday,airproducts|APcareers,False,FAIL,404,,,,https://airproducts.wd5.myworkdayjobs.com/APcareers,https://airproducts.wd5.myworkdayjobs.com/wday/cxs/airproducts/APcareers/jobs,HTTP 404,"LOW-CONFIDENCE guess (tenant/site from memory, may be wrong). Disabled until verify_employers.py passes it."
Akamai,workday,akamai|External,True,FAIL,422,,,,https://akamai.wd1.myworkdayjobs.com/External,https://akamai.wd1.myworkdayjobs.com/wday/cxs/akamai/External/jobs,HTTP 422,"Knowledge-based mapping, NOT live-verified; run verify_employers.py before trusting."
Ally Financial,workday,ally|Ally_Careers,False,FAIL,404,,,,https://ally.wd1.myworkdayjobs.com/Ally_Careers,https://ally.wd1.myworkdayjobs.com/wday/cxs/ally/Ally_Careers/jobs,HTTP 404,"LOW-CONFIDENCE guess (tenant/site from memory, may be wrong). Disabled until verify_employers.py passes it."
Alnylam,workday,alnylam|Alnylam,False,FAIL,422,,,,https://alnylam.wd1.myworkdayjobs.com/Alnylam,https://alnylam.wd1.myworkdayjobs.com/wday/cxs/alnylam/Alnylam/jobs,HTTP 422,"LOW-CONFIDENCE guess (tenant/site from memory, may be wrong). Disabled until verify_employers.py passes it."
AMD,workday,amd|External,True,FAIL,422,,,,https://amd.wd1.myworkdayjobs.com/External,https://amd.wd1.myworkdayjobs.com/wday/cxs/amd/External/jobs,HTTP 422,"Knowledge-based mapping, NOT live-verified; run verify_employers.py before trusting."
American Airlines,workday,americanairlines|AA_Careers,False,FAIL,422,,,,https://americanairlines.wd1.myworkdayjobs.com/AA_Careers,https://americanairlines.wd1.myworkdayjobs.com/wday/cxs/americanairlines/AA_Careers/jobs,HTTP 422,"LOW-CONFIDENCE guess (tenant/site from memory, may be wrong). Disabled until verify_employers.py passes it."
American Express,oracle_cx,CX_1,True,FAIL,200,,,,https://careers.americanexpress.com/en/sites/CX_1/jobs,https://careers.americanexpress.com/hcmRestApi/resources/latest/recruitingCEJobRequisitions,HTTP 200 but response was not JSON,Oracle Candidate Experience URL provided by user; enable for live verification.
American Family Insurance,workday,amfam|External,False,FAIL,404,,,,https://amfam.wd1.myworkdayjobs.com/External,https://amfam.wd1.myworkdayjobs.com/wday/cxs/amfam/External/jobs,HTTP 404,"LOW-CONFIDENCE guess (tenant/site from memory, may be wrong). Disabled until verify_employers.py passes it."
Aon,workday,aon|EXTERNAL,False,FAIL,422,,,,https://aon.wd1.myworkdayjobs.com/EXTERNAL,https://aon.wd1.myworkdayjobs.com/wday/cxs/aon/EXTERNAL/jobs,HTTP 422,"LOW-CONFIDENCE guess (tenant/site from memory, may be wrong). Disabled until verify_employers.py passes it."
Aptiv,workday,aptiv|Aptiv,False,FAIL,404,,,,https://aptiv.wd5.myworkdayjobs.com/Aptiv,https://aptiv.wd5.myworkdayjobs.com/wday/cxs/aptiv/Aptiv/jobs,HTTP 404,"LOW-CONFIDENCE guess (tenant/site from memory, may be wrong). Disabled until verify_employers.py passes it."
Avis Budget Group,workday,avisbudget|External,False,FAIL,404,,,,https://avisbudget.wd1.myworkdayjobs.com/External,https://avisbudget.wd1.myworkdayjobs.com/wday/cxs/avisbudget/External/jobs,HTTP 404,"LOW-CONFIDENCE guess (tenant/site from memory, may be wrong). Disabled until verify_employers.py passes it."
Biogen,workday,biogen|External,True,FAIL,422,,,,https://biogen.wd1.myworkdayjobs.com/External,https://biogen.wd1.myworkdayjobs.com/wday/cxs/biogen/External/jobs,HTTP 422,"Knowledge-based mapping, NOT live-verified; run verify_employers.py before trusting."
BorgWarner,workday,borgwarner|External,False,FAIL,422,,,,https://borgwarner.wd1.myworkdayjobs.com/External,https://borgwarner.wd1.myworkdayjobs.com/wday/cxs/borgwarner/External/jobs,HTTP 422,"LOW-CONFIDENCE guess (tenant/site from memory, may be wrong). Disabled until verify_employers.py passes it."
Boston Scientific,workday,bostonscientific|Careers,True,FAIL,422,,,,https://bostonscientific.wd1.myworkdayjobs.com/Careers,https://bostonscientific.wd1.myworkdayjobs.com/wday/cxs/bostonscientific/Careers/jobs,HTTP 422,"Knowledge-based mapping, NOT live-verified; run verify_employers.py before trusting."
BP,workday,bp|bpCareers,False,FAIL,422,,,,https://bp.wd3.myworkdayjobs.com/bpCareers,https://bp.wd3.myworkdayjobs.com/wday/cxs/bp/bpCareers/jobs,HTTP 422,"LOW-CONFIDENCE guess (tenant/site from memory, may be wrong). Disabled until verify_employers.py passes it."
Brookfield,workday,brookfield|External,False,FAIL,422,,,,https://brookfield.wd3.myworkdayjobs.com/External,https://brookfield.wd3.myworkdayjobs.com/wday/cxs/brookfield/External/jobs,HTTP 422,"LOW-CONFIDENCE guess (tenant/site from memory, may be wrong). Disabled until verify_employers.py passes it."
C.H. Robinson,workday,chrobinson|External,False,FAIL,422,,,,https://chrobinson.wd1.myworkdayjobs.com/External,https://chrobinson.wd1.myworkdayjobs.com/wday/cxs/chrobinson/External/jobs,HTTP 422,"LOW-CONFIDENCE guess (tenant/site from memory, may be wrong). Disabled until verify_employers.py passes it."
Carlyle,workday,carlyle|External,False,FAIL,404,,,,https://carlyle.wd1.myworkdayjobs.com/External,https://carlyle.wd1.myworkdayjobs.com/wday/cxs/carlyle/External/jobs,HTTP 404,"LOW-CONFIDENCE guess (tenant/site from memory, may be wrong). Disabled until verify_employers.py passes it."
Cboe Global Markets,workday,cboe|External,False,FAIL,404,,,,https://cboe.wd1.myworkdayjobs.com/External,https://cboe.wd1.myworkdayjobs.com/wday/cxs/cboe/External/jobs,HTTP 404,"LOW-CONFIDENCE guess (tenant/site from memory, may be wrong). Disabled until verify_employers.py passes it."
CBRE,workday,cbre|CBRE,True,FAIL,422,,,,https://cbre.wd1.myworkdayjobs.com/CBRE,https://cbre.wd1.myworkdayjobs.com/wday/cxs/cbre/CBRE/jobs,HTTP 422,"Knowledge-based mapping, NOT live-verified; run verify_employers.py before trusting."
Cedars-Sinai,workday,cedarssinai|External,False,FAIL,422,,,,https://cedarssinai.wd5.myworkdayjobs.com/External,https://cedarssinai.wd5.myworkdayjobs.com/wday/cxs/cedarssinai/External/jobs,HTTP 422,"LOW-CONFIDENCE guess (tenant/site from memory, may be wrong). Disabled until verify_employers.py passes it."
Centene,workday,centene|Centene,False,FAIL,404,,,,https://centene.wd5.myworkdayjobs.com/Centene,https://centene.wd5.myworkdayjobs.com/wday/cxs/centene/Centene/jobs,HTTP 404,"LOW-CONFIDENCE guess (tenant/site from memory, may be wrong). Disabled until verify_employers.py passes it."
Charter Communications/Spectrum,workday,charter|External,False,FAIL,422,,,,https://charter.wd1.myworkdayjobs.com/External,https://charter.wd1.myworkdayjobs.com/wday/cxs/charter/External/jobs,HTTP 422,"LOW-CONFIDENCE guess (tenant/site from memory, may be wrong). Disabled until verify_employers.py passes it."
Chegg,workday,osv-chegg|Chegg,True,FAIL,422,,,,https://osv-chegg.wd5.myworkdayjobs.com/Chegg,https://osv-chegg.wd5.myworkdayjobs.com/wday/cxs/osv-chegg/Chegg/jobs,HTTP 422,"Verified Workday portal (2026-10-05). Tenant is OneSource Virtual-hosted (""osv-chegg"" prefix); CXS path is /wday/cxs/osv-chegg/Chegg/jobs. Smaller headcount post-2025 restructuring."
Citizens Financial,workday,citizens|External,False,FAIL,422,,,,https://citizens.wd5.myworkdayjobs.com/External,https://citizens.wd5.myworkdayjobs.com/wday/cxs/citizens/External/jobs,HTTP 422,"LOW-CONFIDENCE guess (tenant/site from memory, may be wrong). Disabled until verify_employers.py passes it."
Cleveland Clinic,workday,clevelandclinic|External,False,FAIL,422,,,,https://clevelandclinic.wd1.myworkdayjobs.com/External,https://clevelandclinic.wd1.myworkdayjobs.com/wday/cxs/clevelandclinic/External/jobs,HTTP 422,"LOW-CONFIDENCE guess (tenant/site from memory, may be wrong). Disabled until verify_employers.py passes it."
Colgate-Palmolive,workday,colgate|External,False,FAIL,422,,,,https://colgate.wd1.myworkdayjobs.com/External,https://colgate.wd1.myworkdayjobs.com/wday/cxs/colgate/External/jobs,HTTP 422,"LOW-CONFIDENCE guess (tenant/site from memory, may be wrong). Disabled until verify_employers.py passes it."
Comcast,workday,comcast|Comcast_Careers,True,FAIL,422,,,,https://comcast.wd5.myworkdayjobs.com/Comcast_Careers,https://comcast.wd5.myworkdayjobs.com/wday/cxs/comcast/Comcast_Careers/jobs,HTTP 422,"Knowledge-based mapping, NOT live-verified; run verify_employers.py before trusting. Comcast Cable row is an alias."
Conagra Brands,workday,conagra|External,False,FAIL,422,,,,https://conagra.wd1.myworkdayjobs.com/External,https://conagra.wd1.myworkdayjobs.com/wday/cxs/conagra/External/jobs,HTTP 422,"LOW-CONFIDENCE guess (tenant/site from memory, may be wrong). Disabled until verify_employers.py passes it."
ConocoPhillips,workday,conocophillips|Careers,False,FAIL,422,,,,https://conocophillips.wd5.myworkdayjobs.com/Careers,https://conocophillips.wd5.myworkdayjobs.com/wday/cxs/conocophillips/Careers/jobs,HTTP 422,"LOW-CONFIDENCE guess (tenant/site from memory, may be wrong). Disabled until verify_employers.py passes it."
Constellation Energy,workday,constellation|careers,False,FAIL,422,,,,https://constellation.wd1.myworkdayjobs.com/careers,https://constellation.wd1.myworkdayjobs.com/wday/cxs/constellation/careers/jobs,HTTP 422,"LOW-CONFIDENCE guess (tenant/site from memory, may be wrong). Disabled until verify_employers.py passes it."
Corning,workday,corning|Corning,False,FAIL,422,,,,https://corning.wd1.myworkdayjobs.com/Corning,https://corning.wd1.myworkdayjobs.com/wday/cxs/corning/Corning/jobs,HTTP 422,"LOW-CONFIDENCE guess (tenant/site from memory, may be wrong). Disabled until verify_employers.py passes it."
CSX,workday,csx|External,False,FAIL,422,,,,https://csx.wd1.myworkdayjobs.com/External,https://csx.wd1.myworkdayjobs.com/wday/cxs/csx/External/jobs,HTTP 422,"LOW-CONFIDENCE guess (tenant/site from memory, may be wrong). Disabled until verify_employers.py passes it."
Cummins,workday,cummins|CumminsCareers,True,FAIL,422,,,,https://cummins.wd1.myworkdayjobs.com/CumminsCareers,https://cummins.wd1.myworkdayjobs.com/wday/cxs/cummins/CumminsCareers/jobs,HTTP 422,"Knowledge-based mapping, NOT live-verified; run verify_employers.py before trusting."
Cushman & Wakefield,workday,cushwake|External,False,FAIL,422,,,,https://cushwake.wd1.myworkdayjobs.com/External,https://cushwake.wd1.myworkdayjobs.com/wday/cxs/cushwake/External/jobs,HTTP 422,"LOW-CONFIDENCE guess (tenant/site from memory, may be wrong). Disabled until verify_employers.py passes it."
Danaher,workday,danaher|DanaherCareers,False,FAIL,404,,,,https://danaher.wd1.myworkdayjobs.com/DanaherCareers,https://danaher.wd1.myworkdayjobs.com/wday/cxs/danaher/DanaherCareers/jobs,HTTP 404,"LOW-CONFIDENCE guess (tenant/site from memory, may be wrong). Disabled until verify_employers.py passes it."
Darden Restaurants,workday,darden|External,False,FAIL,422,,,,https://darden.wd5.myworkdayjobs.com/External,https://darden.wd5.myworkdayjobs.com/wday/cxs/darden/External/jobs,HTTP 422,"LOW-CONFIDENCE guess (tenant/site from memory, may be wrong). Disabled until verify_employers.py passes it."
Dominion Energy,workday,dominionenergy|careers,False,FAIL,422,,,,https://dominionenergy.wd1.myworkdayjobs.com/careers,https://dominionenergy.wd1.myworkdayjobs.com/wday/cxs/dominionenergy/careers/jobs,HTTP 422,"LOW-CONFIDENCE guess (tenant/site from memory, may be wrong). Disabled until verify_employers.py passes it."
Domino's,workday,dominos|External,False,FAIL,422,,,,https://dominos.wd1.myworkdayjobs.com/External,https://dominos.wd1.myworkdayjobs.com/wday/cxs/dominos/External/jobs,HTTP 422,"LOW-CONFIDENCE guess (tenant/site from memory, may be wrong). Disabled until verify_employers.py passes it."
DuPont,workday,dupont|DuPont_Careers,False,FAIL,422,,,,https://dupont.wd1.myworkdayjobs.com/DuPont_Careers,https://dupont.wd1.myworkdayjobs.com/wday/cxs/dupont/DuPont_Careers/jobs,HTTP 422,"LOW-CONFIDENCE guess (tenant/site from memory, may be wrong). Disabled until verify_employers.py passes it."
Eaton,workday,eaton|EatonCareers,False,FAIL,422,,,,https://eaton.wd1.myworkdayjobs.com/EatonCareers,https://eaton.wd1.myworkdayjobs.com/wday/cxs/eaton/EatonCareers/jobs,HTTP 422,"LOW-CONFIDENCE guess (tenant/site from memory, may be wrong). Disabled until verify_employers.py passes it."
Edward Jones,workday,edwardjones|External,False,FAIL,422,,,,https://edwardjones.wd1.myworkdayjobs.com/External,https://edwardjones.wd1.myworkdayjobs.com/wday/cxs/edwardjones/External/jobs,HTTP 422,"LOW-CONFIDENCE guess (tenant/site from memory, may be wrong). Disabled until verify_employers.py passes it."
Electronic Arts,workday,ea|EA_Careers,False,FAIL,422,,,,https://ea.wd1.myworkdayjobs.com/EA_Careers,https://ea.wd1.myworkdayjobs.com/wday/cxs/ea/EA_Careers/jobs,HTTP 422,"LOW-CONFIDENCE guess (tenant/site from memory, may be wrong). Disabled until verify_employers.py passes it."
Eli Lilly,workday,lilly|LLY,True,FAIL,422,,,,https://lilly.wd5.myworkdayjobs.com/LLY,https://lilly.wd5.myworkdayjobs.com/wday/cxs/lilly/LLY/jobs,HTTP 422,"Knowledge-based mapping, NOT live-verified; run verify_employers.py before trusting."
Emerson,workday,emerson|Careers,False,FAIL,404,,,,https://emerson.wd5.myworkdayjobs.com/Careers,https://emerson.wd5.myworkdayjobs.com/wday/cxs/emerson/Careers/jobs,HTTP 404,"LOW-CONFIDENCE guess (tenant/site from memory, may be wrong). Disabled until verify_employers.py passes it."
Entergy,workday,entergy|External,False,FAIL,422,,,,https://entergy.wd5.myworkdayjobs.com/External,https://entergy.wd5.myworkdayjobs.com/wday/cxs/entergy/External/jobs,HTTP 422,"LOW-CONFIDENCE guess (tenant/site from memory, may be wrong). Disabled until verify_employers.py passes it."
Erie Insurance,workday,erieinsurance|External,False,FAIL,422,,,,https://erieinsurance.wd1.myworkdayjobs.com/External,https://erieinsurance.wd1.myworkdayjobs.com/wday/cxs/erieinsurance/External/jobs,HTTP 422,"LOW-CONFIDENCE guess (tenant/site from memory, may be wrong). Disabled until verify_employers.py passes it."
Exelon,workday,exelon|exelonjobs,False,FAIL,422,,,,https://exelon.wd1.myworkdayjobs.com/exelonjobs,https://exelon.wd1.myworkdayjobs.com/wday/cxs/exelon/exelonjobs/jobs,HTTP 422,"LOW-CONFIDENCE guess (tenant/site from memory, may be wrong). Disabled until verify_employers.py passes it."
Expedia Group,workday,expedia|search,True,FAIL,422,,,,https://expedia.wd5.myworkdayjobs.com/search,https://expedia.wd5.myworkdayjobs.com/wday/cxs/expedia/search/jobs,HTTP 422,"Knowledge-based mapping, NOT live-verified; run verify_employers.py before trusting."
FactSet,workday,factset|FactSetCareers,True,FAIL,422,,,,https://factset.wd1.myworkdayjobs.com/FactSetCareers,https://factset.wd1.myworkdayjobs.com/wday/cxs/factset/FactSetCareers/jobs,HTTP 422,"Knowledge-based mapping, NOT live-verified; run verify_employers.py before trusting."
Farmers Insurance,workday,farmers|External,False,FAIL,422,,,,https://farmers.wd5.myworkdayjobs.com/External,https://farmers.wd5.myworkdayjobs.com/wday/cxs/farmers/External/jobs,HTTP 422,"LOW-CONFIDENCE guess (tenant/site from memory, may be wrong). Disabled until verify_employers.py passes it."
Ferguson,workday,ferguson|ferguson,False,FAIL,404,,,,https://ferguson.wd1.myworkdayjobs.com/ferguson,https://ferguson.wd1.myworkdayjobs.com/wday/cxs/ferguson/ferguson/jobs,HTTP 404,"LOW-CONFIDENCE guess (tenant/site from memory, may be wrong). Disabled until verify_employers.py passes it."
Fortinet,workday,fortinet|fortinetcareers,True,FAIL,422,,,,https://fortinet.wd1.myworkdayjobs.com/fortinetcareers,https://fortinet.wd1.myworkdayjobs.com/wday/cxs/fortinet/fortinetcareers/jobs,HTTP 422,"Knowledge-based mapping, NOT live-verified; run verify_employers.py before trusting."
Fox,workday,fox|External,False,FAIL,404,,,,https://fox.wd1.myworkdayjobs.com/External,https://fox.wd1.myworkdayjobs.com/wday/cxs/fox/External/jobs,HTTP 404,"LOW-CONFIDENCE guess (tenant/site from memory, may be wrong). Disabled until verify_employers.py passes it."
Franklin Templeton,workday,franklintempleton|Franklin_Templeton,False,FAIL,404,,,,https://franklintempleton.wd5.myworkdayjobs.com/Franklin_Templeton,https://franklintempleton.wd5.myworkdayjobs.com/wday/cxs/franklintempleton/Franklin_Templeton/jobs,HTTP 404,"LOW-CONFIDENCE guess (tenant/site from memory, may be wrong). Disabled until verify_employers.py passes it."
Gallagher,workday,ajg|ajg,True,FAIL,422,,,,https://ajg.wd1.myworkdayjobs.com/ajg,https://ajg.wd1.myworkdayjobs.com/wday/cxs/ajg/ajg/jobs,HTTP 422,"Knowledge-based mapping, NOT live-verified; run verify_employers.py before trusting."
GameStop,workday,gamestop|Careers,False,FAIL,422,,,,https://gamestop.wd5.myworkdayjobs.com/Careers,https://gamestop.wd5.myworkdayjobs.com/wday/cxs/gamestop/Careers/jobs,HTTP 422,"LOW-CONFIDENCE guess (tenant/site from memory, may be wrong). Disabled until verify_employers.py passes it."
Gap Inc,workday,gapinc|Gap_Inc,False,FAIL,404,,,,https://gapinc.wd1.myworkdayjobs.com/Gap_Inc,https://gapinc.wd1.myworkdayjobs.com/wday/cxs/gapinc/Gap_Inc/jobs,HTTP 404,"LOW-CONFIDENCE guess (tenant/site from memory, may be wrong). Disabled until verify_employers.py passes it."
GE Aerospace,workday,ge|GE_ExternalSite,True,FAIL,422,,,,https://ge.wd5.myworkdayjobs.com/GE_ExternalSite,https://ge.wd5.myworkdayjobs.com/wday/cxs/ge/GE_ExternalSite/jobs,HTTP 422,"Knowledge-based mapping, NOT live-verified; run verify_employers.py before trusting."
GE Vernova,workday,gevernova|GE_Vernova_External,False,FAIL,404,,,,https://gevernova.wd5.myworkdayjobs.com/GE_Vernova_External,https://gevernova.wd5.myworkdayjobs.com/wday/cxs/gevernova/GE_Vernova_External/jobs,HTTP 404,"LOW-CONFIDENCE guess (tenant/site from memory, may be wrong). Disabled until verify_employers.py passes it."
Genentech,workday,gene|gene,True,FAIL,422,,,,https://gene.wd5.myworkdayjobs.com/gene,https://gene.wd5.myworkdayjobs.com/wday/cxs/gene/gene/jobs,HTTP 422,"Knowledge-based mapping, NOT live-verified; run verify_employers.py before trusting."
General Mills,workday,generalmills|External,False,FAIL,422,,,,https://generalmills.wd1.myworkdayjobs.com/External,https://generalmills.wd1.myworkdayjobs.com/wday/cxs/generalmills/External/jobs,HTTP 422,"LOW-CONFIDENCE guess (tenant/site from memory, may be wrong). Disabled until verify_employers.py passes it."
Goodyear,workday,goodyear|External,False,FAIL,422,,,,https://goodyear.wd5.myworkdayjobs.com/External,https://goodyear.wd5.myworkdayjobs.com/wday/cxs/goodyear/External/jobs,HTTP 422,"LOW-CONFIDENCE guess (tenant/site from memory, may be wrong). Disabled until verify_employers.py passes it."
Guardian Life,workday,guardianlife|External,False,FAIL,404,,,,https://guardianlife.wd5.myworkdayjobs.com/External,https://guardianlife.wd5.myworkdayjobs.com/wday/cxs/guardianlife/External/jobs,HTTP 404,"LOW-CONFIDENCE guess (tenant/site from memory, may be wrong). Disabled until verify_employers.py passes it."
GXO Logistics,workday,gxo|External,False,FAIL,422,,,,https://gxo.wd5.myworkdayjobs.com/External,https://gxo.wd5.myworkdayjobs.com/wday/cxs/gxo/External/jobs,HTTP 422,"LOW-CONFIDENCE guess (tenant/site from memory, may be wrong). Disabled until verify_employers.py passes it."
Harley-Davidson,workday,harleydavidson|External,False,FAIL,422,,,,https://harleydavidson.wd5.myworkdayjobs.com/External,https://harleydavidson.wd5.myworkdayjobs.com/wday/cxs/harleydavidson/External/jobs,HTTP 422,"LOW-CONFIDENCE guess (tenant/site from memory, may be wrong). Disabled until verify_employers.py passes it."
Hershey,workday,hershey|Hershey,False,FAIL,422,,,,https://hershey.wd5.myworkdayjobs.com/Hershey,https://hershey.wd5.myworkdayjobs.com/wday/cxs/hershey/Hershey/jobs,HTTP 422,"LOW-CONFIDENCE guess (tenant/site from memory, may be wrong). Disabled until verify_employers.py passes it."
Hertz,workday,hertz|External,False,FAIL,422,,,,https://hertz.wd5.myworkdayjobs.com/External,https://hertz.wd5.myworkdayjobs.com/wday/cxs/hertz/External/jobs,HTTP 422,"LOW-CONFIDENCE guess (tenant/site from memory, may be wrong). Disabled until verify_employers.py passes it."
Highmark Health,workday,highmark|External,False,FAIL,422,,,,https://highmark.wd5.myworkdayjobs.com/External,https://highmark.wd5.myworkdayjobs.com/wday/cxs/highmark/External/jobs,HTTP 422,"LOW-CONFIDENCE guess (tenant/site from memory, may be wrong). Disabled until verify_employers.py passes it."
Hologic,workday,hologic|Hologic,False,FAIL,422,,,,https://hologic.wd1.myworkdayjobs.com/Hologic,https://hologic.wd1.myworkdayjobs.com/wday/cxs/hologic/Hologic/jobs,HTTP 422,"LOW-CONFIDENCE guess (tenant/site from memory, may be wrong). Disabled until verify_employers.py passes it."
Honda,workday,honda|External,False,FAIL,422,,,,https://honda.wd5.myworkdayjobs.com/External,https://honda.wd5.myworkdayjobs.com/wday/cxs/honda/External/jobs,HTTP 422,"LOW-CONFIDENCE guess (tenant/site from memory, may be wrong). Disabled until verify_employers.py passes it."
Huntington Bank,workday,huntington|HNB_Careers,False,FAIL,422,,,,https://huntington.wd5.myworkdayjobs.com/HNB_Careers,https://huntington.wd5.myworkdayjobs.com/wday/cxs/huntington/HNB_Careers/jobs,HTTP 422,"LOW-CONFIDENCE guess (tenant/site from memory, may be wrong). Disabled until verify_employers.py passes it."
Hyatt,workday,hyatt|careers,False,FAIL,422,,,,https://hyatt.wd5.myworkdayjobs.com/careers,https://hyatt.wd5.myworkdayjobs.com/wday/cxs/hyatt/careers/jobs,HTTP 422,"LOW-CONFIDENCE guess (tenant/site from memory, may be wrong). Disabled until verify_employers.py passes it."
Interactive Brokers,workday,ibkr|External,False,FAIL,422,,,,https://ibkr.wd5.myworkdayjobs.com/External,https://ibkr.wd5.myworkdayjobs.com/wday/cxs/ibkr/External/jobs,HTTP 422,"LOW-CONFIDENCE guess (tenant/site from memory, may be wrong). Disabled until verify_employers.py passes it."
Intercontinental Exchange/ICE,workday,ice|ice_careers,False,FAIL,422,,,,https://ice.wd5.myworkdayjobs.com/ice_careers,https://ice.wd5.myworkdayjobs.com/wday/cxs/ice/ice_careers/jobs,HTTP 422,"LOW-CONFIDENCE guess (tenant/site from memory, may be wrong). Disabled until verify_employers.py passes it."
Intermountain Health,workday,imh|External,False,FAIL,422,,,,https://imh.wd5.myworkdayjobs.com/External,https://imh.wd5.myworkdayjobs.com/wday/cxs/imh/External/jobs,HTTP 422,"LOW-CONFIDENCE guess (tenant/site from memory, may be wrong). Disabled until verify_employers.py passes it."
J.B. Hunt,workday,jbhunt|External,False,FAIL,422,,,,https://jbhunt.wd1.myworkdayjobs.com/External,https://jbhunt.wd1.myworkdayjobs.com/wday/cxs/jbhunt/External/jobs,HTTP 422,"LOW-CONFIDENCE guess (tenant/site from memory, may be wrong). Disabled until verify_employers.py passes it."
J.M. Smucker,workday,smucker|External,False,FAIL,422,,,,https://smucker.wd1.myworkdayjobs.com/External,https://smucker.wd1.myworkdayjobs.com/wday/cxs/smucker/External/jobs,HTTP 422,"LOW-CONFIDENCE guess (tenant/site from memory, may be wrong). Disabled until verify_employers.py passes it."
Jack Henry,workday,jackhenry|Careers,False,FAIL,422,,,,https://jackhenry.wd5.myworkdayjobs.com/Careers,https://jackhenry.wd5.myworkdayjobs.com/wday/cxs/jackhenry/Careers/jobs,HTTP 422,"LOW-CONFIDENCE guess (tenant/site from memory, may be wrong). Disabled until verify_employers.py passes it."
John Deere,workday,deere|Deere,False,FAIL,422,,,,https://deere.wd5.myworkdayjobs.com/Deere,https://deere.wd5.myworkdayjobs.com/wday/cxs/deere/Deere/jobs,HTTP 422,"LOW-CONFIDENCE guess (tenant/site from memory, may be wrong). Disabled until verify_employers.py passes it."
Kellanova,workday,kellanova|External,False,FAIL,422,,,,https://kellanova.wd1.myworkdayjobs.com/External,https://kellanova.wd1.myworkdayjobs.com/wday/cxs/kellanova/External/jobs,HTTP 422,"LOW-CONFIDENCE guess (tenant/site from memory, may be wrong). Disabled until verify_employers.py passes it."
Keysight Technologies,workday,keysight|Keysight_Careers,False,FAIL,422,,,,https://keysight.wd1.myworkdayjobs.com/Keysight_Careers,https://keysight.wd1.myworkdayjobs.com/wday/cxs/keysight/Keysight_Careers/jobs,HTTP 422,"LOW-CONFIDENCE guess (tenant/site from memory, may be wrong). Disabled until verify_employers.py passes it."
Kimberly-Clark,workday,kimberlyclark|K-C,True,FAIL,422,,,,https://kimberlyclark.wd5.myworkdayjobs.com/K-C,https://kimberlyclark.wd5.myworkdayjobs.com/wday/cxs/kimberlyclark/K-C/jobs,HTTP 422,"Knowledge-based mapping, NOT live-verified; run verify_employers.py before trusting."
KKR,workday,kkr|KKR_Careers,False,FAIL,422,,,,https://kkr.wd1.myworkdayjobs.com/KKR_Careers,https://kkr.wd1.myworkdayjobs.com/wday/cxs/kkr/KKR_Careers/jobs,HTTP 422,"LOW-CONFIDENCE guess (tenant/site from memory, may be wrong). Disabled until verify_employers.py passes it."
Kraft Heinz,workday,kraftheinz|External,False,FAIL,422,,,,https://kraftheinz.wd1.myworkdayjobs.com/External,https://kraftheinz.wd1.myworkdayjobs.com/wday/cxs/kraftheinz/External/jobs,HTTP 422,"LOW-CONFIDENCE guess (tenant/site from memory, may be wrong). Disabled until verify_employers.py passes it."
Lam Research,workday,lamresearch|LamCareers,True,FAIL,422,,,,https://lamresearch.wd1.myworkdayjobs.com/LamCareers,https://lamresearch.wd1.myworkdayjobs.com/wday/cxs/lamresearch/LamCareers/jobs,HTTP 422,"Knowledge-based mapping, NOT live-verified; run verify_employers.py before trusting."
Lear,workday,lear|External,False,FAIL,422,,,,https://lear.wd1.myworkdayjobs.com/External,https://lear.wd1.myworkdayjobs.com/wday/cxs/lear/External/jobs,HTTP 422,"LOW-CONFIDENCE guess (tenant/site from memory, may be wrong). Disabled until verify_employers.py passes it."
Levi Strauss,workday,levi|External,False,FAIL,422,,,,https://levi.wd5.myworkdayjobs.com/External,https://levi.wd5.myworkdayjobs.com/wday/cxs/levi/External/jobs,HTTP 422,"LOW-CONFIDENCE guess (tenant/site from memory, may be wrong). Disabled until verify_employers.py passes it."
Liberty Mutual,workday,libertymutual|External,True,FAIL,422,,,,https://libertymutual.wd5.myworkdayjobs.com/External,https://libertymutual.wd5.myworkdayjobs.com/wday/cxs/libertymutual/External/jobs,HTTP 422,"Knowledge-based mapping, NOT live-verified; run verify_employers.py before trusting."
Lincoln Financial,workday,lfg|LFG,False,FAIL,422,,,,https://lfg.wd5.myworkdayjobs.com/LFG,https://lfg.wd5.myworkdayjobs.com/wday/cxs/lfg/LFG/jobs,HTTP 422,"LOW-CONFIDENCE guess (tenant/site from memory, may be wrong). Disabled until verify_employers.py passes it."
Linde,workday,linde|Linde,False,FAIL,422,,,,https://linde.wd3.myworkdayjobs.com/Linde,https://linde.wd3.myworkdayjobs.com/wday/cxs/linde/Linde/jobs,HTTP 422,"LOW-CONFIDENCE guess (tenant/site from memory, may be wrong). Disabled until verify_employers.py passes it."
Live Nation Entertainment,workday,livenation|LNExternalSite,True,FAIL,422,,,,https://livenation.wd1.myworkdayjobs.com/LNExternalSite,https://livenation.wd1.myworkdayjobs.com/wday/cxs/livenation/LNExternalSite/jobs,HTTP 422,"Knowledge-based mapping, NOT live-verified; run verify_employers.py before trusting. Ticketmaster row is an alias."
LPL Financial,workday,lplfinancial|LPL,False,FAIL,404,,,,https://lplfinancial.wd1.myworkdayjobs.com/LPL,https://lplfinancial.wd1.myworkdayjobs.com/wday/cxs/lplfinancial/LPL/jobs,HTTP 404,"LOW-CONFIDENCE guess (tenant/site from memory, may be wrong). Disabled until verify_employers.py passes it."
Lumen Technologies,workday,lumen|External,False,FAIL,422,,,,https://lumen.wd5.myworkdayjobs.com/External,https://lumen.wd5.myworkdayjobs.com/wday/cxs/lumen/External/jobs,HTTP 422,"LOW-CONFIDENCE guess (tenant/site from memory, may be wrong). Disabled until verify_employers.py passes it."
Markel,workday,markel|Markel_Careers,False,FAIL,422,,,,https://markel.wd1.myworkdayjobs.com/Markel_Careers,https://markel.wd1.myworkdayjobs.com/wday/cxs/markel/Markel_Careers/jobs,HTTP 422,"LOW-CONFIDENCE guess (tenant/site from memory, may be wrong). Disabled until verify_employers.py passes it."
Mass General Brigham,workday,partners|MGB,False,FAIL,422,,,,https://partners.wd1.myworkdayjobs.com/MGB,https://partners.wd1.myworkdayjobs.com/wday/cxs/partners/MGB/jobs,HTTP 422,"LOW-CONFIDENCE guess (tenant/site from memory, may be wrong). Disabled until verify_employers.py passes it."
MassMutual,workday,massmutual|MassMutual_Careers,False,FAIL,404,,,,https://massmutual.wd1.myworkdayjobs.com/MassMutual_Careers,https://massmutual.wd1.myworkdayjobs.com/wday/cxs/massmutual/MassMutual_Careers/jobs,HTTP 404,"LOW-CONFIDENCE guess (tenant/site from memory, may be wrong). Disabled until verify_employers.py passes it."
McDonald's,workday,mcdonalds|External,False,FAIL,422,,,,https://mcdonalds.wd5.myworkdayjobs.com/External,https://mcdonalds.wd5.myworkdayjobs.com/wday/cxs/mcdonalds/External/jobs,HTTP 422,"LOW-CONFIDENCE guess (tenant/site from memory, may be wrong). Disabled until verify_employers.py passes it."
MD Anderson,workday,mdanderson|External,False,FAIL,422,,,,https://mdanderson.wd1.myworkdayjobs.com/External,https://mdanderson.wd1.myworkdayjobs.com/wday/cxs/mdanderson/External/jobs,HTTP 422,"LOW-CONFIDENCE guess (tenant/site from memory, may be wrong). Disabled until verify_employers.py passes it."
Memorial Sloan Kettering,workday,mskcc|MSKCC,False,FAIL,422,,,,https://mskcc.wd1.myworkdayjobs.com/MSKCC,https://mskcc.wd1.myworkdayjobs.com/wday/cxs/mskcc/MSKCC/jobs,HTTP 422,"LOW-CONFIDENCE guess (tenant/site from memory, may be wrong). Disabled until verify_employers.py passes it."
MetLife,workday,metlife|MetLife,True,FAIL,422,,,,https://metlife.wd5.myworkdayjobs.com/MetLife,https://metlife.wd5.myworkdayjobs.com/wday/cxs/metlife/MetLife/jobs,HTTP 422,"Knowledge-based mapping, NOT live-verified; run verify_employers.py before trusting."
Molina Healthcare,workday,molina|Molina,False,FAIL,422,,,,https://molina.wd1.myworkdayjobs.com/Molina,https://molina.wd1.myworkdayjobs.com/wday/cxs/molina/Molina/jobs,HTTP 422,"LOW-CONFIDENCE guess (tenant/site from memory, may be wrong). Disabled until verify_employers.py passes it."
Mondelez International,workday,mondelezinternational|External,False,FAIL,422,,,,https://mondelezinternational.wd1.myworkdayjobs.com/External,https://mondelezinternational.wd1.myworkdayjobs.com/wday/cxs/mondelezinternational/External/jobs,HTTP 422,"LOW-CONFIDENCE guess (tenant/site from memory, may be wrong). Disabled until verify_employers.py passes it."
Moody's,workday,moodys|External,False,FAIL,422,,,,https://moodys.wd1.myworkdayjobs.com/External,https://moodys.wd1.myworkdayjobs.com/wday/cxs/moodys/External/jobs,HTTP 422,"LOW-CONFIDENCE guess (tenant/site from memory, may be wrong). Disabled until verify_employers.py passes it."
Nationwide,workday,nationwide|Nationwide_Careers,True,FAIL,404,,,,https://nationwide.wd1.myworkdayjobs.com/Nationwide_Careers,https://nationwide.wd1.myworkdayjobs.com/wday/cxs/nationwide/Nationwide_Careers/jobs,HTTP 404,"Knowledge-based mapping, NOT live-verified; run verify_employers.py before trusting."
NetApp,workday,netapp|NetApp,False,FAIL,422,,,,https://netapp.wd1.myworkdayjobs.com/NetApp,https://netapp.wd1.myworkdayjobs.com/wday/cxs/netapp/NetApp/jobs,HTTP 422,"LOW-CONFIDENCE guess (tenant/site from memory, may be wrong). Disabled until verify_employers.py passes it."
New York Life,workday,nyl|External,False,FAIL,422,,,,https://nyl.wd1.myworkdayjobs.com/External,https://nyl.wd1.myworkdayjobs.com/wday/cxs/nyl/External/jobs,HTTP 422,"LOW-CONFIDENCE guess (tenant/site from memory, may be wrong). Disabled until verify_employers.py passes it."
Nielsen,workday,nielsen|External,False,FAIL,422,,,,https://nielsen.wd1.myworkdayjobs.com/External,https://nielsen.wd1.myworkdayjobs.com/wday/cxs/nielsen/External/jobs,HTTP 422,"LOW-CONFIDENCE guess (tenant/site from memory, may be wrong). Disabled until verify_employers.py passes it."
Nokia,workday,nokia|External,False,FAIL,422,,,,https://nokia.wd3.myworkdayjobs.com/External,https://nokia.wd3.myworkdayjobs.com/wday/cxs/nokia/External/jobs,HTTP 422,"LOW-CONFIDENCE guess (tenant/site from memory, may be wrong). Disabled until verify_employers.py passes it."
Nordstrom,workday,nordstrom|nordstrom_careers,True,FAIL,422,,,,https://nordstrom.wd5.myworkdayjobs.com/nordstrom_careers,https://nordstrom.wd5.myworkdayjobs.com/wday/cxs/nordstrom/nordstrom_careers/jobs,HTTP 422,"Knowledge-based mapping, NOT live-verified; run verify_employers.py before trusting."
Norfolk Southern,workday,nscorp|External,False,FAIL,422,,,,https://nscorp.wd1.myworkdayjobs.com/External,https://nscorp.wd1.myworkdayjobs.com/wday/cxs/nscorp/External/jobs,HTTP 422,"LOW-CONFIDENCE guess (tenant/site from memory, may be wrong). Disabled until verify_employers.py passes it."
Northern Trust,workday,ntrs|careers,True,FAIL,404,,,,https://ntrs.wd1.myworkdayjobs.com/careers,https://ntrs.wd1.myworkdayjobs.com/wday/cxs/ntrs/careers/jobs,HTTP 404,"Knowledge-based mapping, NOT live-verified; run verify_employers.py before trusting."
Novo Nordisk,workday,novonordisk|nnjobs,True,FAIL,422,,,,https://novonordisk.wd3.myworkdayjobs.com/nnjobs,https://novonordisk.wd3.myworkdayjobs.com/wday/cxs/novonordisk/nnjobs/jobs,HTTP 422,"Knowledge-based mapping, NOT live-verified; run verify_employers.py before trusting."
Nutanix,workday,nutanix|Nutanix_Careers,False,FAIL,422,,,,https://nutanix.wd1.myworkdayjobs.com/Nutanix_Careers,https://nutanix.wd1.myworkdayjobs.com/wday/cxs/nutanix/Nutanix_Careers/jobs,HTTP 422,"LOW-CONFIDENCE guess (tenant/site from memory, may be wrong). Disabled until verify_employers.py passes it."
Occidental Petroleum/Oxy,workday,oxy|External,False,FAIL,404,,,,https://oxy.wd5.myworkdayjobs.com/External,https://oxy.wd5.myworkdayjobs.com/wday/cxs/oxy/External/jobs,HTTP 404,"LOW-CONFIDENCE guess (tenant/site from memory, may be wrong). Disabled until verify_employers.py passes it."
Owens Corning,workday,owenscorning|External,False,FAIL,422,,,,https://owenscorning.wd5.myworkdayjobs.com/External,https://owenscorning.wd5.myworkdayjobs.com/wday/cxs/owenscorning/External/jobs,HTTP 422,"LOW-CONFIDENCE guess (tenant/site from memory, may be wrong). Disabled until verify_employers.py passes it."
PACCAR,workday,paccar|External,False,FAIL,422,,,,https://paccar.wd1.myworkdayjobs.com/External,https://paccar.wd1.myworkdayjobs.com/wday/cxs/paccar/External/jobs,HTTP 422,"LOW-CONFIDENCE guess (tenant/site from memory, may be wrong). Disabled until verify_employers.py passes it."
Paramount,workday,paramount|External,False,FAIL,422,,,,https://paramount.wd5.myworkdayjobs.com/External,https://paramount.wd5.myworkdayjobs.com/wday/cxs/paramount/External/jobs,HTTP 422,"LOW-CONFIDENCE guess (tenant/site from memory, may be wrong). Disabled until verify_employers.py passes it."
Parker Hannifin,workday,parker|External,False,FAIL,422,,,,https://parker.wd5.myworkdayjobs.com/External,https://parker.wd5.myworkdayjobs.com/wday/cxs/parker/External/jobs,HTTP 422,"LOW-CONFIDENCE guess (tenant/site from memory, may be wrong). Disabled until verify_employers.py passes it."
Phillips 66,workday,p66|P66,False,FAIL,422,,,,https://p66.wd5.myworkdayjobs.com/P66,https://p66.wd5.myworkdayjobs.com/wday/cxs/p66/P66/jobs,HTTP 422,"LOW-CONFIDENCE guess (tenant/site from memory, may be wrong). Disabled until verify_employers.py passes it."
PPG,workday,ppg|PPG,False,FAIL,404,,,,https://ppg.wd5.myworkdayjobs.com/PPG,https://ppg.wd5.myworkdayjobs.com/wday/cxs/ppg/PPG/jobs,HTTP 404,"LOW-CONFIDENCE guess (tenant/site from memory, may be wrong). Disabled until verify_employers.py passes it."
Principal Financial,workday,principal|PFG,False,FAIL,422,,,,https://principal.wd5.myworkdayjobs.com/PFG,https://principal.wd5.myworkdayjobs.com/wday/cxs/principal/PFG/jobs,HTTP 422,"LOW-CONFIDENCE guess (tenant/site from memory, may be wrong). Disabled until verify_employers.py passes it."
Prologis,workday,prologis|External,False,FAIL,422,,,,https://prologis.wd1.myworkdayjobs.com/External,https://prologis.wd1.myworkdayjobs.com/wday/cxs/prologis/External/jobs,HTTP 422,"LOW-CONFIDENCE guess (tenant/site from memory, may be wrong). Disabled until verify_employers.py passes it."
Providence,workday,providence|External,False,FAIL,422,,,,https://providence.wd5.myworkdayjobs.com/External,https://providence.wd5.myworkdayjobs.com/wday/cxs/providence/External/jobs,HTTP 422,"LOW-CONFIDENCE guess (tenant/site from memory, may be wrong). Disabled until verify_employers.py passes it."
Qualcomm,workday,qualcomm|External,True,FAIL,422,,,,https://qualcomm.wd5.myworkdayjobs.com/External,https://qualcomm.wd5.myworkdayjobs.com/wday/cxs/qualcomm/External/jobs,HTTP 422,"Knowledge-based mapping, NOT live-verified; run verify_employers.py before trusting."
Quest Diagnostics,workday,questdiagnostics|External,False,FAIL,422,,,,https://questdiagnostics.wd1.myworkdayjobs.com/External,https://questdiagnostics.wd1.myworkdayjobs.com/wday/cxs/questdiagnostics/External/jobs,HTTP 422,"LOW-CONFIDENCE guess (tenant/site from memory, may be wrong). Disabled until verify_employers.py passes it."
Ralph Lauren,workday,ralphlauren|RalphLaurenCareers,True,FAIL,422,,,,https://ralphlauren.wd1.myworkdayjobs.com/RalphLaurenCareers,https://ralphlauren.wd1.myworkdayjobs.com/wday/cxs/ralphlauren/RalphLaurenCareers/jobs,HTTP 422,"Knowledge-based mapping, NOT live-verified; run verify_employers.py before trusting."
Raymond James,workday,raymondjames|RJF,False,FAIL,404,,,,https://raymondjames.wd1.myworkdayjobs.com/RJF,https://raymondjames.wd1.myworkdayjobs.com/wday/cxs/raymondjames/RJF/jobs,HTTP 404,"LOW-CONFIDENCE guess (tenant/site from memory, may be wrong). Disabled until verify_employers.py passes it."
Regeneron,workday,regeneron|Regeneron,True,FAIL,404,,,,https://regeneron.wd1.myworkdayjobs.com/Regeneron,https://regeneron.wd1.myworkdayjobs.com/wday/cxs/regeneron/Regeneron/jobs,HTTP 404,"Knowledge-based mapping, NOT live-verified; run verify_employers.py before trusting."
REI,workday,rei|REI_External,False,FAIL,422,,,,https://rei.wd1.myworkdayjobs.com/REI_External,https://rei.wd1.myworkdayjobs.com/wday/cxs/rei/REI_External/jobs,HTTP 422,"LOW-CONFIDENCE guess (tenant/site from memory, may be wrong). Disabled until verify_employers.py passes it."
Ryder,workday,ryder|External,False,FAIL,422,,,,https://ryder.wd1.myworkdayjobs.com/External,https://ryder.wd1.myworkdayjobs.com/wday/cxs/ryder/External/jobs,HTTP 422,"LOW-CONFIDENCE guess (tenant/site from memory, may be wrong). Disabled until verify_employers.py passes it."
S&P Global,workday,spgi|SPGI,True,FAIL,404,,,,https://spgi.wd5.myworkdayjobs.com/SPGI,https://spgi.wd5.myworkdayjobs.com/wday/cxs/spgi/SPGI/jobs,HTTP 404,"Knowledge-based mapping, NOT live-verified; run verify_employers.py before trusting."
Sherwin-Williams,workday,sherwin|External,False,FAIL,422,,,,https://sherwin.wd1.myworkdayjobs.com/External,https://sherwin.wd1.myworkdayjobs.com/wday/cxs/sherwin/External/jobs,HTTP 422,"LOW-CONFIDENCE guess (tenant/site from memory, may be wrong). Disabled until verify_employers.py passes it."
SiriusXM,workday,siriusxm|External,False,FAIL,422,,,,https://siriusxm.wd1.myworkdayjobs.com/External,https://siriusxm.wd1.myworkdayjobs.com/wday/cxs/siriusxm/External/jobs,HTTP 422,"LOW-CONFIDENCE guess (tenant/site from memory, may be wrong). Disabled until verify_employers.py passes it."
Sony Interactive Entertainment,workday,sonyinteractive|SIEGlobal,True,FAIL,422,,,,https://sonyinteractive.wd1.myworkdayjobs.com/SIEGlobal,https://sonyinteractive.wd1.myworkdayjobs.com/wday/cxs/sonyinteractive/SIEGlobal/jobs,HTTP 422,"Knowledge-based mapping, NOT live-verified; run verify_employers.py before trusting. PlayStation row is an alias."
Southern Company,workday,southernco|External,False,FAIL,422,,,,https://southernco.wd1.myworkdayjobs.com/External,https://southernco.wd1.myworkdayjobs.com/wday/cxs/southernco/External/jobs,HTTP 422,"LOW-CONFIDENCE guess (tenant/site from memory, may be wrong). Disabled until verify_employers.py passes it."
Stanford Health Care,workday,stanfordhealthcare|External,False,FAIL,422,,,,https://stanfordhealthcare.wd1.myworkdayjobs.com/External,https://stanfordhealthcare.wd1.myworkdayjobs.com/wday/cxs/stanfordhealthcare/External/jobs,HTTP 422,"LOW-CONFIDENCE guess (tenant/site from memory, may be wrong). Disabled until verify_employers.py passes it."
Stanley Black & Decker,workday,sbdinc|External,False,FAIL,404,,,,https://sbdinc.wd1.myworkdayjobs.com/External,https://sbdinc.wd1.myworkdayjobs.com/wday/cxs/sbdinc/External/jobs,HTTP 404,"LOW-CONFIDENCE guess (tenant/site from memory, may be wrong). Disabled until verify_employers.py passes it."
Synchrony,workday,synchrony|careers,True,FAIL,422,,,,https://synchrony.wd5.myworkdayjobs.com/careers,https://synchrony.wd5.myworkdayjobs.com/wday/cxs/synchrony/careers/jobs,HTTP 422,"Knowledge-based mapping, NOT live-verified; run verify_employers.py before trusting."
Synopsys,workday,synopsys|careers,True,FAIL,422,,,,https://synopsys.wd1.myworkdayjobs.com/careers,https://synopsys.wd1.myworkdayjobs.com/wday/cxs/synopsys/careers/jobs,HTTP 422,"Knowledge-based mapping, NOT live-verified; run verify_employers.py before trusting."
Sysco,workday,sysco|Sysco,False,FAIL,422,,,,https://sysco.wd1.myworkdayjobs.com/Sysco,https://sysco.wd1.myworkdayjobs.com/wday/cxs/sysco/Sysco/jobs,HTTP 422,"LOW-CONFIDENCE guess (tenant/site from memory, may be wrong). Disabled until verify_employers.py passes it."
Takeda,workday,takeda|External,True,FAIL,422,,,,https://takeda.wd3.myworkdayjobs.com/External,https://takeda.wd3.myworkdayjobs.com/wday/cxs/takeda/External/jobs,HTTP 422,"Knowledge-based mapping, NOT live-verified; run verify_employers.py before trusting."
Tapestry/Coach,workday,tapestry|Tapestry,False,FAIL,422,,,,https://tapestry.wd1.myworkdayjobs.com/Tapestry,https://tapestry.wd1.myworkdayjobs.com/wday/cxs/tapestry/Tapestry/jobs,HTTP 422,"LOW-CONFIDENCE guess (tenant/site from memory, may be wrong). Disabled until verify_employers.py passes it."
TIAA,workday,tiaa|External,True,FAIL,422,,,,https://tiaa.wd5.myworkdayjobs.com/External,https://tiaa.wd5.myworkdayjobs.com/wday/cxs/tiaa/External/jobs,HTTP 422,"Knowledge-based mapping, NOT live-verified; run verify_employers.py before trusting."
Trane Technologies,workday,tranetechnologies|TraneTechnologies,False,FAIL,422,,,,https://tranetechnologies.wd5.myworkdayjobs.com/TraneTechnologies,https://tranetechnologies.wd5.myworkdayjobs.com/wday/cxs/tranetechnologies/TraneTechnologies/jobs,HTTP 422,"LOW-CONFIDENCE guess (tenant/site from memory, may be wrong). Disabled until verify_employers.py passes it."
Tyson Foods,workday,tyson|External,False,FAIL,422,,,,https://tyson.wd1.myworkdayjobs.com/External,https://tyson.wd1.myworkdayjobs.com/wday/cxs/tyson/External/jobs,HTTP 422,"LOW-CONFIDENCE guess (tenant/site from memory, may be wrong). Disabled until verify_employers.py passes it."
Ulta Beauty,workday,ulta|UltaCareers,False,FAIL,422,,,,https://ulta.wd5.myworkdayjobs.com/UltaCareers,https://ulta.wd5.myworkdayjobs.com/wday/cxs/ulta/UltaCareers/jobs,HTTP 422,"LOW-CONFIDENCE guess (tenant/site from memory, may be wrong). Disabled until verify_employers.py passes it."
Under Armour,workday,underarmour|UA_External,False,FAIL,422,,,,https://underarmour.wd1.myworkdayjobs.com/UA_External,https://underarmour.wd1.myworkdayjobs.com/wday/cxs/underarmour/UA_External/jobs,HTTP 422,"LOW-CONFIDENCE guess (tenant/site from memory, may be wrong). Disabled until verify_employers.py passes it."
United Airlines,workday,united|United_External_Careers,True,FAIL,422,,,,https://united.wd1.myworkdayjobs.com/United_External_Careers,https://united.wd1.myworkdayjobs.com/wday/cxs/united/United_External_Careers/jobs,HTTP 422,"Knowledge-based mapping, NOT live-verified; run verify_employers.py before trusting."
VF Corporation,workday,vfc|VF_Careers,False,FAIL,404,,,,https://vfc.wd5.myworkdayjobs.com/VF_Careers,https://vfc.wd5.myworkdayjobs.com/wday/cxs/vfc/VF_Careers/jobs,HTTP 404,"LOW-CONFIDENCE guess (tenant/site from memory, may be wrong). Disabled until verify_employers.py passes it."
Wells Fargo,workday,wellsfargo|WellsFargoJobs,True,FAIL,422,,,,https://wellsfargo.wd1.myworkdayjobs.com/WellsFargoJobs,https://wellsfargo.wd1.myworkdayjobs.com/wday/cxs/wellsfargo/WellsFargoJobs/jobs,HTTP 422,"Knowledge-based mapping, NOT live-verified; run verify_employers.py before trusting."
Western Union,workday,westernunion|External,False,FAIL,404,,,,https://westernunion.wd5.myworkdayjobs.com/External,https://westernunion.wd5.myworkdayjobs.com/wday/cxs/westernunion/External/jobs,HTTP 404,"LOW-CONFIDENCE guess (tenant/site from memory, may be wrong). Disabled until verify_employers.py passes it."
Whirlpool,workday,whirlpool|Whirlpool_Careers,False,FAIL,422,,,,https://whirlpool.wd5.myworkdayjobs.com/Whirlpool_Careers,https://whirlpool.wd5.myworkdayjobs.com/wday/cxs/whirlpool/Whirlpool_Careers/jobs,HTTP 422,"LOW-CONFIDENCE guess (tenant/site from memory, may be wrong). Disabled until verify_employers.py passes it."
Williams-Sonoma,workday,wsgc|WSI_External,False,FAIL,422,,,,https://wsgc.wd5.myworkdayjobs.com/WSI_External,https://wsgc.wd5.myworkdayjobs.com/wday/cxs/wsgc/WSI_External/jobs,HTTP 422,"LOW-CONFIDENCE guess (tenant/site from memory, may be wrong). Disabled until verify_employers.py passes it."
XPO,workday,xpo|External,False,FAIL,422,,,,https://xpo.wd5.myworkdayjobs.com/External,https://xpo.wd5.myworkdayjobs.com/wday/cxs/xpo/External/jobs,HTTP 422,"LOW-CONFIDENCE guess (tenant/site from memory, may be wrong). Disabled until verify_employers.py passes it."
Yum Brands,workday,yum|External,False,FAIL,422,,,,https://yum.wd1.myworkdayjobs.com/External,https://yum.wd1.myworkdayjobs.com/wday/cxs/yum/External/jobs,HTTP 422,"LOW-CONFIDENCE guess (tenant/site from memory, may be wrong). Disabled until verify_employers.py passes it."
Zebra Technologies,workday,zebra|ZebraCareers,False,FAIL,422,,,,https://zebra.wd5.myworkdayjobs.com/ZebraCareers,https://zebra.wd5.myworkdayjobs.com/wday/cxs/zebra/ZebraCareers/jobs,HTTP 422,"LOW-CONFIDENCE guess (tenant/site from memory, may be wrong). Disabled until verify_employers.py passes it."
Zimmer Biomet,workday,zimmerbiomet|ZimmerBiomet,False,FAIL,422,,,,https://zimmerbiomet.wd5.myworkdayjobs.com/ZimmerBiomet,https://zimmerbiomet.wd5.myworkdayjobs.com/wday/cxs/zimmerbiomet/ZimmerBiomet/jobs,HTTP 422,"LOW-CONFIDENCE guess (tenant/site from memory, may be wrong). Disabled until verify_employers.py passes it."
Zurich North America,workday,zurichna|External,False,FAIL,422,,,,https://zurichna.wd1.myworkdayjobs.com/External,https://zurichna.wd1.myworkdayjobs.com/wday/cxs/zurichna/External/jobs,HTTP 422,"LOW-CONFIDENCE guess (tenant/site from memory, may be wrong). Disabled until verify_employers.py passes it."
